YEAR,RANGE_CATEGORY,VEHICLE CLASS,ENGINE SIZE,CYLINDERS,FUEL,FUEL CONSUMPTION,KMXGALON,EMISSIONS
2000,HIGH_RANGE,MIDSIZE_FULLSIZE,2.7,6,Z,13.6,40.2335,264
2000,HIGH_RANGE,MIDSIZE_FULLSIZE,2.7,6,Z,13.6,38.62416,267
2000,HIGH_RANGE,SEDAN_COMPACT,2.7,6,Z,13.6,38.62416,267
2000,HIGH_RANGE,SEDAN_COMPACT,2.5,6,Z,12.3,43.45218,237
2000,HIGH_RANGE,SEDAN_COMPACT,4.9,8,Z,17.7,32.1868,331
2000,HIGH_RANGE,SUV_CROSSOVER,5.7,8,X,19.2,27.35878,382
2000,MID_RANGE,SUV_CROSSOVER,4.3,6,X,14.6,37.01482,288
2000,MID_RANGE,TRUCK_VAN,4.3,6,X,16.7,30.57746,338
2000,MID_RANGE,TRUCK_VAN,4.3,6,X,16.0,32.1868,327
2000,MID_RANGE,TRUCK_VAN,4.8,8,X,15.6,32.1868,322
2000,MID_RANGE,SUV_CROSSOVER,5.3,8,X,17.1,30.57746,345
2000,MID_RANGE,MIDSIZE_FULLSIZE,2.5,6,X,12.1,45.06152,235
2000,MID_RANGE,MIDSIZE_FULLSIZE,3.2,6,X,12.6,43.45218,239
2000,LOW_RANGE,SEDAN_COMPACT,1.6,4,X,10.2,53.10822,196
2000,LOW_RANGE,SEDAN_COMPACT,2.2,4,X,11.6,46.67086,223
2000,LOW_RANGE,SEDAN_COMPACT,2.0,4,X,10.5,51.49888,202
2000,MID_RANGE,TRUCK_VAN,5.9,8,X,20.3,25.74944,396
2000,MID_RANGE,SEDAN_COMPACT,4.6,8,X,14.1,38.62416,271
2000,MID_RANGE,WAGON_SPECIALTY,3.0,6,X,12.6,43.45218,244
2000,MID_RANGE,TRUCK_VAN,3.8,6,X,13.3,38.62416,267
2000,MID_RANGE,TRUCK_VAN,5.0,8,X,16.5,30.57746,334
2000,MID_RANGE,SUV_CROSSOVER,5.7,8,X,19.2,27.35878,382
2000,MID_RANGE,MIDSIZE_FULLSIZE,2.0,4,X,9.3,54.71756,189
2000,MID_RANGE,TRUCK_VAN,4.0,6,X,15.5,33.79614,313
2000,MID_RANGE,TRUCK_VAN,2.5,6,X,13.6,38.62416,274
2000,MID_RANGE,SEDAN_COMPACT,1.8,4,X,10.1,49.88954,207
2000,HIGH_RANGE,SEDAN_COMPACT,2.3,4,Z,10.6,49.88954,209
2000,HIGH_RANGE,SEDAN_COMPACT,3.4,6,Z,14.1,38.62416,274
2000,LOW_RANGE,WAGON_SPECIALTY,2.3,4,X,11.7,46.67086,225
2000,MID_RANGE,SEDAN_COMPACT,1.9,4,X,8.0,67.59228,156
2000,MID_RANGE,WAGON_SPECIALTY,1.9,4,X,9.3,57.93624,179
2000,LOW_RANGE,SEDAN_COMPACT,1.3,4,X,7.8,64.3736,163
2000,MID_RANGE,SEDAN_COMPACT,1.8,4,X,8.0,64.3736,161
2000,MID_RANGE,SEDAN_COMPACT,1.8,4,X,7.5,69.20162,152
2000,MID_RANGE,TRUCK_VAN,3.4,6,X,14.1,35.40548,292
2000,MID_RANGE,WAGON_SPECIALTY,2.8,6,Z,11.9,46.67086,228
2000,MID_RANGE,MIDSIZE_FULLSIZE,2.9,6,Z,12.9,41.84284,251
2000,MID_RANGE,WAGON_SPECIALTY,2.3,5,Z,11.5,46.67086,225
2001,HIGH_RANGE,SUV_CROSSOVER,3.5,6,Z,13.9,38.62416,274
2001,HIGH_RANGE,SEDAN_COMPACT,1.8,4,Z,10.4,51.49888,202
2001,HIGH_RANGE,SUV_CROSSOVER,2.7,6,Z,14.8,35.40548,294
2001,HIGH_RANGE,SEDAN_COMPACT,2.7,6,Z,13.6,40.2335,264
2001,HIGH_RANGE,SEDAN_COMPACT,2.7,6,Z,13.6,38.62416,267
2001,HIGH_RANGE,SEDAN_COMPACT,2.2,6,Z,11.3,48.2802,218
2001,HIGH_RANGE,SEDAN_COMPACT,2.5,6,Z,11.8,45.06152,230
2001,HIGH_RANGE,SEDAN_COMPACT,3.2,6,Z,14.5,38.62416,276
2001,HIGH_RANGE,MIDSIZE_FULLSIZE,4.6,8,Z,14.0,40.2335,260
2001,MID_RANGE,TRUCK_VAN,4.3,6,X,16.1,32.1868,327
2001,MID_RANGE,SUV_CROSSOVER,4.8,8,X,15.8,33.79614,313
2001,MID_RANGE,TRUCK_VAN,2.2,4,X,12.6,41.84284,248
2001,MID_RANGE,TRUCK_VAN,3.4,6,X,12.3,43.45218,242
2001,MID_RANGE,SEDAN_COMPACT,2.0,4,X,8.6,59.54558,177
2001,MID_RANGE,SEDAN_COMPACT,2.4,4,X,11.5,46.67086,228
2001,MID_RANGE,SEDAN_COMPACT,3.0,6,X,12.3,43.45218,239
2001,MID_RANGE,TRUCK_VAN,5.9,8,X,19.9,27.35878,384
2001,MID_RANGE,TRUCK_VAN,5.2,8,X,18.3,30.57746,350
2001,MID_RANGE,TRUCK_VAN,5.9,8,X,19.5,27.35878,377
2001,MID_RANGE,SEDAN_COMPACT,2.5,6,X,11.4,48.2802,218
2001,MID_RANGE,TRUCK_VAN,4.0,6,X,15.0,35.40548,299
2001,MID_RANGE,TRUCK_VAN,4.2,6,X,14.5,35.40548,294
2001,MID_RANGE,WAGON_SPECIALTY,2.0,4,X,9.2,56.3269,184
2001,MID_RANGE,WAGON_SPECIALTY,2.0,4,X,9.5,54.71756,189
2001,MID_RANGE,WAGON_SPECIALTY,3.0,6,X,13.3,41.84284,253
2001,HIGH_RANGE,SUV_CROSSOVER,3.5,6,X,15.6,32.1868,320
2001,LOW_RANGE,SUV_CROSSOVER,3.5,6,X,15.9,32.1868,322
2001,MID_RANGE,SUV_CROSSOVER,4.0,6,X,15.7,32.1868,327
2001,MID_RANGE,SEDAN_COMPACT,2.4,4,X,11.0,48.2802,218
2001,HIGH_RANGE,SEDAN_COMPACT,3.0,6,X,12.3,43.45218,242
2001,HIGH_RANGE,MIDSIZE_FULLSIZE,4.3,8,Z,12.8,41.84284,253
2001,HIGH_RANGE,MIDSIZE_FULLSIZE,4.6,8,Z,13.6,40.2335,262
2001,HIGH_RANGE,MIDSIZE_FULLSIZE,3.0,6,Z,13.0,41.84284,253
2001,MID_RANGE,TRUCK_VAN,4.0,6,X,14.7,35.40548,294
2001,HIGH_RANGE,SEDAN_COMPACT,4.3,8,Z,12.9,41.84284,253
2001,HIGH_RANGE,SUV_CROSSOVER,3.2,6,Z,13.9,37.01482,283
2001,MID_RANGE,SEDAN_COMPACT,2.4,4,X,10.9,48.2802,216
2001,MID_RANGE,TRUCK_VAN,3.3,6,Z,15.7,32.1868,322
2001,MID_RANGE,MIDSIZE_FULLSIZE,3.0,6,X,10.8,48.2802,218
2001,MID_RANGE,SUV_CROSSOVER,3.5,6,X,14.7,33.79614,308
2001,MID_RANGE,TRUCK_VAN,3.3,6,X,13.9,38.62416,271
2001,MID_RANGE,MIDSIZE_FULLSIZE,3.0,6,X,11.8,45.06152,235
2001,MID_RANGE,SUV_CROSSOVER,2.5,4,X,10.8,46.67086,221
2001,LOW_RANGE,SUV_CROSSOVER,2.5,6,X,12.9,38.62416,274
2001,MID_RANGE,MIDSIZE_FULLSIZE,3.0,6,X,11.2,48.2802,218
2001,MID_RANGE,SEDAN_COMPACT,2.0,4,X,9.8,53.10822,196
2001,MID_RANGE,WAGON_SPECIALTY,2.8,6,Z,13.7,38.62416,267
2001,MID_RANGE,SEDAN_COMPACT,2.4,5,Z,11.0,46.67086,221
2002,HIGH_RANGE,SUV_CROSSOVER,3.5,6,Z,13.9,38.62416,274
2002,HIGH_RANGE,SEDAN_COMPACT,3.2,6,Z,14.0,38.62416,271
2002,HIGH_RANGE,SEDAN_COMPACT,1.8,4,Z,11.3,46.67086,221
2002,HIGH_RANGE,MIDSIZE_FULLSIZE,3.0,6,Z,12.6,41.84284,248
2002,HIGH_RANGE,MIDSIZE_FULLSIZE,2.7,6,Z,13.7,40.2335,264
2002,HIGH_RANGE,SEDAN_COMPACT,2.7,6,Z,13.6,38.62416,267
2002,HIGH_RANGE,SEDAN_COMPACT,2.2,6,Z,11.3,48.2802,218
2002,HIGH_RANGE,SEDAN_COMPACT,3.0,6,Z,11.3,48.2802,218
2002,HIGH_RANGE,SEDAN_COMPACT,2.5,6,Z,11.8,45.06152,232
2002,LOW_RANGE,WAGON_SPECIALTY,2.0,4,X,11.8,45.06152,230
2002,MID_RANGE,TRUCK_VAN,5.9,8,X,20.1,27.35878,386
2002,MID_RANGE,MIDSIZE_FULLSIZE,4.6,8,X,13.6,40.2335,264
2002,MID_RANGE,SUV_CROSSOVER,2.0,4,X,10.8,46.67086,228
2002,MID_RANGE,SUV_CROSSOVER,4.0,6,X,16.0,32.1868,317
2002,MID_RANGE,TRUCK_VAN,4.2,6,X,14.8,35.40548,299
2002,MID_RANGE,TRUCK_VAN,4.6,8,X,16.1,32.1868,327
2002,MID_RANGE,SEDAN_COMPACT,3.8,6,X,12.3,43.45218,239
2002,MID_RANGE,TRUCK_VAN,2.3,4,X,9.8,51.49888,205
2002,MID_RANGE,SEDAN_COMPACT,1.7,4,X,8.2,62.76426,168
2002,MID_RANGE,SEDAN_COMPACT,2.0,4,Z,11.6,45.06152,232
2002,MID_RANGE,SEDAN_COMPACT,1.6,4,X,8.7,61.15492,170
2002,MID_RANGE,SUV_CROSSOVER,4.7,8,X,17.3,30.57746,338
2002,MID_RANGE,SUV_CROSSOVER,4.0,6,X,15.7,32.1868,324
2002,MID_RANGE,TRUCK_VAN,3.5,6,X,15.6,33.79614,310
2002,MID_RANGE,TRUCK_VAN,3.0,6,X,13.6,38.62416,267
2002,HIGH_RANGE,SEDAN_COMPACT,2.3,4,Z,11.1,46.67086,221
2002,HIGH_RANGE,SEDAN_COMPACT,3.2,6,Z,12.2,43.45218,244
2002,MID_RANGE,MIDSIZE_FULLSIZE,2.5,4,X,10.4,49.88954,207
2002,MID_RANGE,TRUCK_VAN,3.3,6,X,14.4,33.79614,304
2002,MID_RANGE,TRUCK_VAN,3.3,6,X,14.3,35.40548,301
2002,MID_RANGE,SUV_CROSSOVER,3.3,6,Z,15.9,32.1868,324
2002,HIGH_RANGE,SEDAN_COMPACT,3.6,6,Z,14.0,38.62416,271
2002,HIGH_RANGE,SEDAN_COMPACT,3.2,6,Z,13.4,40.2335,258
2002,LOW_RANGE,MIDSIZE_FULLSIZE,2.0,4,X,11.6,46.67086,225
2002,LOW_RANGE,MIDSIZE_FULLSIZE,2.3,4,X,12.0,45.06152,230
2002,MID_RANGE,SEDAN_COMPACT,1.9,4,X,9.0,59.54558,175
2002,MID_RANGE,SEDAN_COMPACT,1.9,4,X,9.5,57.93624,182
2002,MID_RANGE,WAGON_SPECIALTY,2.0,4,Z,11.6,45.06152,230
2002,MID_RANGE,SEDAN_COMPACT,2.5,4,X,11.2,46.67086,225
2002,MID_RANGE,WAGON_SPECIALTY,2.5,4,X,10.8,46.67086,221
2002,LOW_RANGE,SUV_CROSSOVER,2.7,6,X,13.6,37.01482,281
2002,MID_RANGE,SEDAN_COMPACT,2.4,4,X,10.1,51.49888,200
2002,MID_RANGE,TRUCK_VAN,2.7,4,X,13.1,38.62416,271
2002,MID_RANGE,SEDAN_COMPACT,2.0,4,X,9.8,53.10822,198
2002,MID_RANGE,SEDAN_COMPACT,1.9,4,O,6.9,75.63898,162
2002,MID_RANGE,SEDAN_COMPACT,1.8,4,Z,10.3,49.88954,207
2002,MID_RANGE,MIDSIZE_FULLSIZE,2.8,6,Z,11.9,45.06152,230
2002,MID_RANGE,WAGON_SPECIALTY,2.4,5,Z,11.0,46.67086,221
2003,HIGH_RANGE,SEDAN_COMPACT,3.0,6,Z,13.7,38.62416,269
2003,HIGH_RANGE,SEDAN_COMPACT,2.0,4,X,8.7,59.54558,177
2003,HIGH_RANGE,SEDAN_COMPACT,1.8,4,Z,10.2,51.49888,205
2003,HIGH_RANGE,SEDAN_COMPACT,3.0,6,Z,11.5,45.06152,230
2003,HIGH_RANGE,SEDAN_COMPACT,2.2,6,Z,11.6,46.67086,223
2003,HIGH_RANGE,SEDAN_COMPACT,3.0,6,Z,11.9,45.06152,232
2003,MID_RANGE,MIDSIZE_FULLSIZE,3.8,6,Z,13.3,41.84284,248
2003,MID_RANGE,SUV_CROSSOVER,3.4,6,X,13.1,40.2335,258
2003,HIGH_RANGE,SUV_CROSSOVER,6.0,8,X,19.1,27.35878,377
2003,MID_RANGE,TRUCK_VAN,4.3,6,X,15.7,33.79614,308
2003,MID_RANGE,TRUCK_VAN,4.3,6,X,16.0,33.79614,313
2003,MID_RANGE,MIDSIZE_FULLSIZE,3.4,6,X,11.0,49.88954,209
2003,MID_RANGE,TRUCK_VAN,4.8,8,X,18.4,28.96812,361
2003,MID_RANGE,TRUCK_VAN,4.3,6,X,17.8,28.96812,352
2003,MID_RANGE,SUV_CROSSOVER,5.3,8,X,17.0,30.57746,343
2003,MID_RANGE,TRUCK_VAN,3.4,6,X,12.1,43.45218,237
2003,MID_RANGE,MIDSIZE_FULLSIZE,3.5,6,X,12.6,43.45218,242
2003,MID_RANGE,TRUCK_VAN,5.9,8,X,18.0,28.96812,352
2003,MID_RANGE,TRUCK_VAN,4.7,8,X,16.7,32.1868,327
2003,MID_RANGE,TRUCK_VAN,5.9,8,X,18.8,28.96812,363
2003,MID_RANGE,TRUCK_VAN,4.2,6,X,16.0,32.1868,322
2003,MID_RANGE,TRUCK_VAN,5.4,8,X,18.4,27.35878,386
2003,MID_RANGE,SEDAN_COMPACT,3.8,6,X,12.3,43.45218,239
2003,MID_RANGE,SEDAN_COMPACT,4.6,8,X,13.8,40.2335,264
2003,MID_RANGE,WAGON_SPECIALTY,3.0,6,X,12.7,41.84284,248
2003,MID_RANGE,MIDSIZE_FULLSIZE,3.0,6,X,11.5,46.67086,221
2003,MID_RANGE,SUV_CROSSOVER,2.4,4,X,11.0,45.06152,230
2003,MID_RANGE,SEDAN_COMPACT,1.5,4,X,8.9,59.54558,175
2003,MID_RANGE,SEDAN_COMPACT,2.0,4,X,9.6,54.71756,189
2003,MID_RANGE,MIDSIZE_FULLSIZE,2.7,6,X,12.3,43.45218,237
2003,MID_RANGE,SEDAN_COMPACT,2.7,6,X,12.0,43.45218,237
2003,HIGH_RANGE,MIDSIZE_FULLSIZE,4.0,8,Z,13.7,38.62416,267
2003,HIGH_RANGE,SEDAN_COMPACT,2.5,6,Z,12.5,43.45218,244
2003,MID_RANGE,SUV_CROSSOVER,4.0,6,X,14.3,35.40548,299
2003,HIGH_RANGE,SUV_CROSSOVER,2.5,6,X,13.8,37.01482,285
2003,HIGH_RANGE,SUV_CROSSOVER,4.4,8,Z,19.3,27.35878,377
2003,HIGH_RANGE,SEDAN_COMPACT,3.0,6,Z,13.1,40.2335,258
2003,MID_RANGE,SEDAN_COMPACT,1.6,4,X,9.3,54.71756,189
2003,HIGH_RANGE,SEDAN_COMPACT,1.8,4,Z,10.0,53.10822,198
2003,HIGH_RANGE,SEDAN_COMPACT,2.6,6,Z,12.3,41.84284,246
2003,HIGH_RANGE,SEDAN_COMPACT,3.2,6,Z,12.2,43.45218,239
2003,HIGH_RANGE,SEDAN_COMPACT,2.3,4,Z,10.8,48.2802,216
2003,MID_RANGE,SEDAN_COMPACT,1.6,4,Z,8.3,62.76426,166
2003,MID_RANGE,SEDAN_COMPACT,2.4,4,X,11.3,46.67086,223
2003,MID_RANGE,MIDSIZE_FULLSIZE,2.4,4,X,11.3,46.67086,225
2003,MID_RANGE,SEDAN_COMPACT,3.5,6,Z,12.8,41.84284,251
2003,MID_RANGE,SUV_CROSSOVER,3.3,6,X,14.8,35.40548,299
2003,LOW_RANGE,SEDAN_COMPACT,2.2,4,X,10.0,53.10822,196
2003,HIGH_RANGE,SEDAN_COMPACT,2.7,6,Z,13.3,41.84284,253
2003,LOW_RANGE,SEDAN_COMPACT,2.0,4,Z,11.3,46.67086,221
2003,LOW_RANGE,WAGON_SPECIALTY,2.3,4,Z,11.3,48.2802,218
2003,MID_RANGE,MIDSIZE_FULLSIZE,3.0,6,X,11.6,46.67086,225
2003,MID_RANGE,SUV_CROSSOVER,2.2,4,X,10.9,48.2802,218
2003,MID_RANGE,WAGON_SPECIALTY,2.5,4,X,10.8,46.67086,221
2003,LOW_RANGE,SEDAN_COMPACT,2.0,4,X,9.1,56.3269,184
2003,LOW_RANGE,WAGON_SPECIALTY,2.0,4,X,9.8,51.49888,202
2003,LOW_RANGE,WAGON_SPECIALTY,2.0,4,X,9.1,56.3269,184
2003,LOW_RANGE,SUV_CROSSOVER,2.0,4,X,10.4,48.2802,218
2003,MID_RANGE,MIDSIZE_FULLSIZE,3.0,6,X,11.5,46.67086,223
2003,MID_RANGE,SEDAN_COMPACT,3.0,6,X,11.9,45.06152,232
2003,MID_RANGE,WAGON_SPECIALTY,1.8,4,X,8.3,61.15492,172
2003,MID_RANGE,TRUCK_VAN,2.4,4,X,10.9,45.06152,230
2003,MID_RANGE,TRUCK_VAN,3.4,6,X,14.6,35.40548,301
2003,MID_RANGE,SEDAN_COMPACT,1.9,4,O,6.9,75.63898,162
2003,MID_RANGE,SEDAN_COMPACT,1.8,4,Z,10.8,48.2802,214
2003,MID_RANGE,WAGON_SPECIALTY,2.0,4,X,9.9,53.10822,196
2003,MID_RANGE,SEDAN_COMPACT,1.8,4,Z,10.3,49.88954,207
2003,MID_RANGE,MIDSIZE_FULLSIZE,1.8,4,Z,11.0,49.88954,212
2003,MID_RANGE,WAGON_SPECIALTY,2.8,6,Z,12.2,43.45218,237
2003,MID_RANGE,WAGON_SPECIALTY,2.5,5,Z,12.7,41.84284,251
2003,MID_RANGE,WAGON_SPECIALTY,2.3,5,Z,11.9,43.45218,237
2004,HIGH_RANGE,SEDAN_COMPACT,1.8,4,Z,11.7,46.67086,228
2004,HIGH_RANGE,SEDAN_COMPACT,3.0,6,Z,13.5,40.2335,260
2004,HIGH_RANGE,SEDAN_COMPACT,1.8,4,Z,11.3,46.67086,221
2004,HIGH_RANGE,SEDAN_COMPACT,2.5,6,Z,12.3,43.45218,239
2004,HIGH_RANGE,SEDAN_COMPACT,2.5,6,Z,11.3,48.2802,218
2004,HIGH_RANGE,WAGON_SPECIALTY,2.5,6,Z,12.2,43.45218,242
2004,HIGH_RANGE,MIDSIZE_FULLSIZE,3.0,6,Z,11.7,46.67086,223
2004,HIGH_RANGE,SEDAN_COMPACT,3.2,6,Z,13.3,40.2335,260
2004,HIGH_RANGE,SUV_CROSSOVER,3.0,6,Z,14.9,35.40548,297
2004,MID_RANGE,TRUCK_VAN,4.3,6,X,17.3,30.57746,350
2004,MID_RANGE,TRUCK_VAN,4.3,6,X,16.6,30.57746,334
2004,MID_RANGE,TRUCK_VAN,5.3,8,X,16.2,32.1868,329
2004,MID_RANGE,MIDSIZE_FULLSIZE,2.7,6,X,11.2,46.67086,223
2004,MID_RANGE,TRUCK_VAN,3.8,6,X,13.9,38.62416,271
2004,MID_RANGE,TRUCK_VAN,4.7,8,X,15.7,33.79614,310
2004,MID_RANGE,TRUCK_VAN,4.7,8,X,16.4,32.1868,320
2004,MID_RANGE,TRUCK_VAN,3.7,6,X,14.8,35.40548,299
2004,MID_RANGE,TRUCK_VAN,3.7,6,X,14.8,35.40548,297
2004,MID_RANGE,TRUCK_VAN,4.7,8,X,16.1,32.1868,324
2004,MID_RANGE,TRUCK_VAN,5.4,8,X,18.0,28.96812,363
2004,MID_RANGE,TRUCK_VAN,4.6,8,X,15.7,33.79614,315
2004,MID_RANGE,TRUCK_VAN,4.0,6,X,15.4,33.79614,306
2004,MID_RANGE,TRUCK_VAN,5.4,8,X,19.8,25.74944,398
2004,MID_RANGE,WAGON_SPECIALTY,2.0,4,X,9.5,54.71756,193
2004,MID_RANGE,WAGON_SPECIALTY,2.0,4,X,9.1,56.3269,184
2004,MID_RANGE,TRUCK_VAN,4.0,6,X,15.4,33.79614,313
2004,MID_RANGE,MIDSIZE_FULLSIZE,3.0,6,X,12.4,43.45218,242
2004,MID_RANGE,MIDSIZE_FULLSIZE,2.4,4,X,9.1,57.93624,182
2004,MID_RANGE,SEDAN_COMPACT,2.0,4,X,9.2,54.71756,189
2004,MID_RANGE,SUV_CROSSOVER,2.4,4,X,11.0,45.06152,230
2004,MID_RANGE,SEDAN_COMPACT,2.0,4,X,8.9,57.93624,179
2004,MID_RANGE,SUV_CROSSOVER,2.7,6,X,11.6,45.06152,232
2004,HIGH_RANGE,SUV_CROSSOVER,4.5,8,Z,15.9,32.1868,317
2004,HIGH_RANGE,SEDAN_COMPACT,3.5,6,Z,11.9,45.06152,235
2004,HIGH_RANGE,MIDSIZE_FULLSIZE,4.3,8,Z,13.2,40.2335,255
2004,HIGH_RANGE,MIDSIZE_FULLSIZE,4.6,8,X,13.9,38.62416,267
2004,MID_RANGE,TRUCK_VAN,3.0,6,X,13.5,38.62416,271
2004,HIGH_RANGE,SEDAN_COMPACT,3.2,6,Z,12.7,41.84284,246
2004,HIGH_RANGE,SUV_CROSSOVER,5.0,8,Z,18.7,27.35878,391
2004,HIGH_RANGE,MIDSIZE_FULLSIZE,5.0,8,Z,15.0,35.40548,294
2004,MID_RANGE,SEDAN_COMPACT,1.6,4,Z,8.3,62.76426,166
2004,MID_RANGE,SEDAN_COMPACT,1.6,4,Z,9.5,56.3269,186
2004,MID_RANGE,SEDAN_COMPACT,3.0,6,Z,11.7,46.67086,228
2004,MID_RANGE,SUV_CROSSOVER,3.8,6,Z,13.9,37.01482,281
2004,MID_RANGE,MIDSIZE_FULLSIZE,3.5,6,X,11.9,45.06152,230
2004,MID_RANGE,SUV_CROSSOVER,3.5,6,X,14.4,35.40548,299
2004,LOW_RANGE,TRUCK_VAN,3.4,6,X,13.7,38.62416,274
2004,MID_RANGE,SEDAN_COMPACT,3.4,6,X,11.0,49.88954,209
2004,LOW_RANGE,SEDAN_COMPACT,2.0,4,Z,11.5,46.67086,221
2004,LOW_RANGE,SEDAN_COMPACT,2.0,4,Z,10.9,49.88954,212
2004,MID_RANGE,SUV_CROSSOVER,3.5,6,X,11.9,45.06152,232
2004,MID_RANGE,SUV_CROSSOVER,2.5,4,X,10.9,46.67086,221
2004,MID_RANGE,WAGON_SPECIALTY,2.5,4,X,10.6,49.88954,212
2004,MID_RANGE,WAGON_SPECIALTY,2.5,4,X,11.2,46.67086,221
2004,MID_RANGE,SEDAN_COMPACT,2.5,4,X,11.5,46.67086,225
2004,MID_RANGE,SUV_CROSSOVER,4.0,6,X,13.7,37.01482,285
2004,MID_RANGE,SEDAN_COMPACT,3.3,6,X,11.5,46.67086,223
2004,MID_RANGE,WAGON_SPECIALTY,1.8,4,Z,9.5,54.71756,191
2004,MID_RANGE,SUV_CROSSOVER,2.4,4,X,10.7,48.2802,218
2004,MID_RANGE,TRUCK_VAN,3.4,6,X,14.6,35.40548,301
2004,MID_RANGE,TRUCK_VAN,4.7,8,X,16.6,30.57746,338
2004,MID_RANGE,WAGON_SPECIALTY,1.8,4,Z,9.9,53.10822,198
2004,MID_RANGE,SEDAN_COMPACT,1.8,4,Z,9.6,53.10822,196
2004,MID_RANGE,MIDSIZE_FULLSIZE,1.8,4,Z,11.0,49.88954,212
2004,MID_RANGE,SUV_CROSSOVER,4.2,8,Z,17.3,30.57746,340
2004,MID_RANGE,SEDAN_COMPACT,2.4,5,Z,10.8,49.88954,212
2004,MID_RANGE,MIDSIZE_FULLSIZE,2.9,6,Z,12.6,41.84284,246
2005,HIGH_RANGE,SEDAN_COMPACT,1.7,4,X,7.8,64.3736,161
2005,HIGH_RANGE,MIDSIZE_FULLSIZE,3.2,6,Z,11.8,46.67086,225
2005,HIGH_RANGE,WAGON_SPECIALTY,3.1,6,Z,12.6,43.45218,244
2005,HIGH_RANGE,SEDAN_COMPACT,3.0,6,Z,12.9,41.84284,248
2005,HIGH_RANGE,SEDAN_COMPACT,1.8,4,Z,11.7,46.67086,225
2005,HIGH_RANGE,SEDAN_COMPACT,1.8,4,Z,11.2,48.2802,216
2005,HIGH_RANGE,SEDAN_COMPACT,3.1,6,Z,12.6,43.45218,244
2005,HIGH_RANGE,WAGON_SPECIALTY,3.1,6,Z,13.6,40.2335,260
2005,HIGH_RANGE,SEDAN_COMPACT,2.5,6,Z,12.7,41.84284,246
2005,HIGH_RANGE,SEDAN_COMPACT,3.0,6,Z,11.7,46.67086,223
2005,HIGH_RANGE,SUV_CROSSOVER,3.6,6,X,15.4,35.40548,297
2005,MID_RANGE,SEDAN_COMPACT,2.0,4,Z,10.2,49.88954,207
2005,MID_RANGE,SEDAN_COMPACT,6.0,8,Z,12.8,41.84284,246
2005,MID_RANGE,TRUCK_VAN,5.3,8,X,16.2,32.1868,324
2005,MID_RANGE,TRUCK_VAN,4.8,8,X,15.1,33.79614,306
2005,MID_RANGE,MIDSIZE_FULLSIZE,3.5,6,X,13.9,38.62416,269
2005,MID_RANGE,MIDSIZE_FULLSIZE,5.7,8,X,13.9,38.62416,267
2005,MID_RANGE,SEDAN_COMPACT,2.4,4,X,10.4,48.2802,214
2005,MID_RANGE,SUV_CROSSOVER,5.7,8,X,13.9,38.62416,267
2005,MID_RANGE,TRUCK_VAN,3.7,6,X,15.5,33.79614,304
2005,MID_RANGE,SUV_CROSSOVER,3.0,6,X,12.0,43.45218,242
2005,MID_RANGE,SUV_CROSSOVER,4.6,8,X,16.9,30.57746,336
2005,MID_RANGE,SUV_CROSSOVER,4.0,6,X,15.6,33.79614,313
2005,MID_RANGE,MIDSIZE_FULLSIZE,3.0,6,X,11.9,45.06152,232
2005,MID_RANGE,SEDAN_COMPACT,2.0,4,X,9.2,56.3269,186
2005,MID_RANGE,SUV_CROSSOVER,3.0,6,X,11.7,45.06152,232
2005,MID_RANGE,TRUCK_VAN,3.0,6,X,13.3,38.62416,269
2005,MID_RANGE,MIDSIZE_FULLSIZE,3.0,6,X,12.1,43.45218,237
2005,MID_RANGE,WAGON_SPECIALTY,3.0,6,X,12.4,43.45218,244
2005,MID_RANGE,TRUCK_VAN,4.3,6,X,15.6,33.79614,306
2005,MID_RANGE,TRUCK_VAN,3.5,5,X,13.1,41.84284,253
2005,MID_RANGE,MIDSIZE_FULLSIZE,2.4,4,X,9.0,57.93624,179
2005,MID_RANGE,SEDAN_COMPACT,2.0,4,X,10.0,51.49888,200
2005,MID_RANGE,SEDAN_COMPACT,2.7,6,X,12.9,41.84284,248
2005,HIGH_RANGE,MIDSIZE_FULLSIZE,3.0,6,Z,12.9,41.84284,248
2005,HIGH_RANGE,MIDSIZE_FULLSIZE,4.2,8,Z,13.8,40.2335,262
2005,HIGH_RANGE,WAGON_SPECIALTY,3.0,6,Z,12.8,41.84284,246
2005,MID_RANGE,SUV_CROSSOVER,3.7,6,X,14.2,37.01482,285
2005,MID_RANGE,SUV_CROSSOVER,5.7,8,X,17.0,30.57746,334
2005,MID_RANGE,SEDAN_COMPACT,2.0,4,X,8.5,61.15492,172
2005,MID_RANGE,SEDAN_COMPACT,2.3,4,X,9.3,54.71756,189
2005,MID_RANGE,MIDSIZE_FULLSIZE,2.3,4,X,10.5,49.88954,212
2005,MID_RANGE,WAGON_SPECIALTY,3.0,6,X,12.2,43.45218,239
2005,MID_RANGE,SEDAN_COMPACT,1.8,4,Z,10.1,49.88954,207
2005,HIGH_RANGE,SEDAN_COMPACT,3.2,6,Z,12.4,41.84284,251
2005,HIGH_RANGE,SEDAN_COMPACT,5.4,8,Z,15.1,35.40548,292
2005,HIGH_RANGE,MIDSIZE_FULLSIZE,5.5,12,Z,19.6,27.35878,377
2005,HIGH_RANGE,SEDAN_COMPACT,5.5,12,Z,18.5,28.96812,352
2005,MID_RANGE,SEDAN_COMPACT,1.6,4,Z,9.0,57.93624,179
2005,MID_RANGE,SEDAN_COMPACT,1.6,4,Z,9.1,56.3269,184
2005,MID_RANGE,SEDAN_COMPACT,2.4,4,X,10.2,53.10822,198
2005,MID_RANGE,MIDSIZE_FULLSIZE,2.5,4,X,10.0,51.49888,202
2005,MID_RANGE,MIDSIZE_FULLSIZE,3.5,6,X,11.8,46.67086,228
2005,MID_RANGE,TRUCK_VAN,2.5,4,X,10.7,46.67086,225
2005,MID_RANGE,TRUCK_VAN,3.5,6,X,12.4,43.45218,244
2005,MID_RANGE,TRUCK_VAN,3.5,6,X,13.0,41.84284,253
2005,MID_RANGE,SUV_CROSSOVER,2.5,4,X,10.8,46.67086,221
2005,HIGH_RANGE,SEDAN_COMPACT,3.6,6,Z,16.5,33.79614,313
2005,HIGH_RANGE,SEDAN_COMPACT,3.6,6,Z,16.6,33.79614,313
2005,LOW_RANGE,WAGON_SPECIALTY,2.0,4,Z,12.1,43.45218,239
2005,LOW_RANGE,SEDAN_COMPACT,2.0,4,Z,11.0,48.2802,218
2005,LOW_RANGE,SEDAN_COMPACT,2.0,4,Z,11.5,46.67086,225
2005,MID_RANGE,SEDAN_COMPACT,2.5,4,X,10.4,49.88954,207
2005,MID_RANGE,SEDAN_COMPACT,1.8,4,X,8.3,62.76426,168
2005,MID_RANGE,SUV_CROSSOVER,4.7,8,X,15.9,32.1868,329
2005,MID_RANGE,TRUCK_VAN,4.7,8,X,15.2,33.79614,315
2005,MID_RANGE,WAGON_SPECIALTY,2.0,4,X,9.8,53.10822,198
2005,MID_RANGE,MIDSIZE_FULLSIZE,2.9,6,Z,12.9,41.84284,248
2005,MID_RANGE,WAGON_SPECIALTY,2.5,5,Z,10.8,49.88954,209
2005,MID_RANGE,WAGON_SPECIALTY,2.5,5,Z,11.3,48.2802,218
2005,MID_RANGE,WAGON_SPECIALTY,2.5,5,Z,12.9,40.2335,255
2006,HIGH_RANGE,MIDSIZE_FULLSIZE,3.2,6,Z,11.8,46.67086,228
2006,HIGH_RANGE,SEDAN_COMPACT,3.1,6,Z,12.3,43.45218,239
2006,HIGH_RANGE,SEDAN_COMPACT,4.2,8,Z,15.5,35.40548,297
2006,HIGH_RANGE,SEDAN_COMPACT,2.5,6,Z,11.1,49.88954,212
2006,HIGH_RANGE,SEDAN_COMPACT,2.5,6,Z,12.6,43.45218,242
2006,HIGH_RANGE,SEDAN_COMPACT,3.0,6,Z,11.5,48.2802,218
2006,HIGH_RANGE,SEDAN_COMPACT,3.0,6,Z,11.4,48.2802,218
2006,HIGH_RANGE,SEDAN_COMPACT,3.0,6,Z,11.7,46.67086,228
2006,HIGH_RANGE,SEDAN_COMPACT,4.8,8,Z,13.2,41.84284,253
2006,HIGH_RANGE,MIDSIZE_FULLSIZE,4.8,8,Z,13.8,40.2335,264
2006,MID_RANGE,SUV_CROSSOVER,5.3,8,X,15.4,35.40548,299
2006,MID_RANGE,TRUCK_VAN,3.5,6,X,13.8,38.62416,274
2006,HIGH_RANGE,MIDSIZE_FULLSIZE,2.8,6,X,13.1,41.84284,248
2006,HIGH_RANGE,MIDSIZE_FULLSIZE,3.6,6,X,13.1,40.2335,255
2006,HIGH_RANGE,MIDSIZE_FULLSIZE,3.6,6,X,14.1,40.2335,262
2006,HIGH_RANGE,SUV_CROSSOVER,3.6,6,X,15.2,35.40548,292
2006,HIGH_RANGE,MIDSIZE_FULLSIZE,4.6,8,Z,14.1,38.62416,267
2006,MID_RANGE,TRUCK_VAN,5.3,8,X,16.2,32.1868,329
2006,MID_RANGE,SUV_CROSSOVER,4.8,8,X,15.1,33.79614,304
2006,MID_RANGE,SEDAN_COMPACT,2.4,4,Z,9.4,56.3269,184
2006,MID_RANGE,TRUCK_VAN,5.3,8,X,15.8,33.79614,315
2006,MID_RANGE,SUV_CROSSOVER,6.0,8,Z,15.6,33.79614,313
2006,MID_RANGE,MIDSIZE_FULLSIZE,5.7,8,X,13.9,38.62416,267
2006,MID_RANGE,SUV_CROSSOVER,3.5,6,X,14.2,37.01482,281
2006,MID_RANGE,SEDAN_COMPACT,2.4,4,X,11.4,46.67086,228
2006,MID_RANGE,MIDSIZE_FULLSIZE,2.7,6,X,11.1,46.67086,221
2006,MID_RANGE,SEDAN_COMPACT,2.7,6,X,11.2,46.67086,223
2006,MID_RANGE,TRUCK_VAN,3.7,6,X,15.5,33.79614,313
2006,MID_RANGE,SUV_CROSSOVER,5.7,8,X,16.5,32.1868,327
2006,MID_RANGE,SUV_CROSSOVER,3.5,6,X,12.2,43.45218,237
2006,MID_RANGE,TRUCK_VAN,4.7,8,X,19.4,27.35878,384
2006,MID_RANGE,SUV_CROSSOVER,2.3,4,X,9.9,51.49888,202
2006,MID_RANGE,TRUCK_VAN,5.4,8,X,17.1,30.57746,343
2006,MID_RANGE,SEDAN_COMPACT,4.6,8,X,14.0,38.62416,267
2006,MID_RANGE,TRUCK_VAN,5.3,8,X,15.4,33.79614,313
2006,MID_RANGE,MIDSIZE_FULLSIZE,3.0,6,X,11.4,48.2802,218
2006,MID_RANGE,TRUCK_VAN,3.5,6,X,12.5,41.84284,246
2006,MID_RANGE,TRUCK_VAN,3.5,6,X,12.0,45.06152,230
2006,LOW_RANGE,SUV_CROSSOVER,3.5,5,X,15.6,33.79614,310
2006,MID_RANGE,SEDAN_COMPACT,1.6,4,X,8.3,62.76426,166
2006,MID_RANGE,MIDSIZE_FULLSIZE,2.4,4,X,9.6,54.71756,189
2006,MID_RANGE,SUV_CROSSOVER,2.7,6,X,12.3,41.84284,246
2006,HIGH_RANGE,SEDAN_COMPACT,3.5,6,X,12.7,41.84284,251
2006,MID_RANGE,SEDAN_COMPACT,1.6,4,X,8.1,64.3736,161
2006,MID_RANGE,TRUCK_VAN,3.8,6,X,14.2,38.62416,269
2006,HIGH_RANGE,SUV_CROSSOVER,4.4,8,X,17.1,32.1868,331
2006,MID_RANGE,TRUCK_VAN,3.0,6,X,13.3,40.2335,260
2006,HIGH_RANGE,MIDSIZE_FULLSIZE,3.5,6,Z,12.8,41.84284,253
2006,HIGH_RANGE,WAGON_SPECIALTY,5.4,8,Z,16.1,33.79614,310
2006,HIGH_RANGE,MIDSIZE_FULLSIZE,4.3,8,Z,13.5,40.2335,258
2006,HIGH_RANGE,MIDSIZE_FULLSIZE,4.3,8,Z,14.2,37.01482,281
2006,HIGH_RANGE,MIDSIZE_FULLSIZE,5.5,12,Z,18.9,28.96812,359
2006,MID_RANGE,SEDAN_COMPACT,1.6,4,Z,9.5,54.71756,189
2006,MID_RANGE,SUV_CROSSOVER,2.4,4,X,11.3,46.67086,228
2006,MID_RANGE,TRUCK_VAN,5.6,8,X,17.4,30.57746,343
2006,HIGH_RANGE,SEDAN_COMPACT,2.7,6,Z,11.8,46.67086,225
2006,HIGH_RANGE,SEDAN_COMPACT,3.8,6,Z,13.6,40.2335,262
2006,HIGH_RANGE,SEDAN_COMPACT,3.8,6,Z,12.8,41.84284,253
2006,MID_RANGE,SEDAN_COMPACT,2.5,4,Z,12.0,43.45218,237
2006,MID_RANGE,SUV_CROSSOVER,2.5,4,X,10.6,48.2802,214
2006,MID_RANGE,SUV_CROSSOVER,2.5,4,Z,12.3,43.45218,244
2006,MID_RANGE,SEDAN_COMPACT,1.8,4,X,7.8,67.59228,156
2006,MID_RANGE,SEDAN_COMPACT,1.8,4,Z,9.2,57.93624,182
2006,MID_RANGE,TRUCK_VAN,3.3,6,X,12.4,43.45218,242
2006,MID_RANGE,TRUCK_VAN,4.0,6,X,15.0,33.79614,304
2006,MID_RANGE,SEDAN_COMPACT,1.5,4,X,6.9,72.4203,145
2006,MID_RANGE,SEDAN_COMPACT,2.0,4,Z,10.0,53.10822,198
2006,MID_RANGE,MIDSIZE_FULLSIZE,4.2,8,Z,15.0,35.40548,290
2006,MID_RANGE,SEDAN_COMPACT,2.4,5,Z,10.9,48.2802,214
2006,MID_RANGE,SEDAN_COMPACT,2.5,5,Z,11.8,46.67086,228
2006,MID_RANGE,WAGON_SPECIALTY,2.5,5,Z,10.9,49.88954,212
2006,MID_RANGE,SUV_CROSSOVER,4.4,8,Z,15.9,33.79614,310
2007,HIGH_RANGE,SEDAN_COMPACT,2.0,4,X,8.7,59.54558,177
2007,HIGH_RANGE,SEDAN_COMPACT,5.9,12,Z,20.9,27.35878,391
2007,HIGH_RANGE,SEDAN_COMPACT,4.3,8,Z,17.2,32.1868,329
2007,HIGH_RANGE,WAGON_SPECIALTY,3.2,6,Z,11.3,46.67086,225
2007,HIGH_RANGE,WAGON_SPECIALTY,2.0,4,Z,10.8,49.88954,212
2007,HIGH_RANGE,MIDSIZE_FULLSIZE,3.1,6,Z,12.1,43.45218,237
2007,HIGH_RANGE,WAGON_SPECIALTY,4.2,8,Z,15.5,35.40548,294
2007,HIGH_RANGE,SEDAN_COMPACT,2.5,6,Z,11.2,49.88954,212
2007,HIGH_RANGE,SEDAN_COMPACT,2.5,6,Z,11.1,49.88954,212
2007,HIGH_RANGE,SEDAN_COMPACT,3.0,6,Z,12.2,43.45218,237
2007,HIGH_RANGE,SEDAN_COMPACT,5.0,10,Z,19.9,27.35878,375
2007,HIGH_RANGE,SUV_CROSSOVER,4.8,8,Z,15.9,33.79614,306
2007,MID_RANGE,MIDSIZE_FULLSIZE,4.6,8,Z,13.8,40.2335,264
2007,MID_RANGE,SUV_CROSSOVER,3.5,6,X,12.6,41.84284,246
2007,HIGH_RANGE,SUV_CROSSOVER,3.6,6,X,14.3,38.62416,274
2007,MID_RANGE,TRUCK_VAN,6.0,8,X,16.5,32.1868,329
2007,MID_RANGE,SEDAN_COMPACT,1.6,4,X,8.9,61.15492,172
2007,MID_RANGE,TRUCK_VAN,5.3,8,X,14.7,35.40548,294
2007,MID_RANGE,TRUCK_VAN,5.3,8,O,21.4,24.1401,302
2007,MID_RANGE,TRUCK_VAN,4.3,6,X,14.4,37.01482,281
2007,MID_RANGE,TRUCK_VAN,5.3,8,X,14.6,35.40548,292
2007,MID_RANGE,TRUCK_VAN,5.3,8,X,15.9,32.1868,322
2007,MID_RANGE,SUV_CROSSOVER,6.0,8,X,16.3,32.1868,324
2007,MID_RANGE,MIDSIZE_FULLSIZE,2.4,4,X,9.0,56.3269,186
2007,MID_RANGE,MIDSIZE_FULLSIZE,2.4,4,X,10.1,48.2802,216
2007,MID_RANGE,SUV_CROSSOVER,6.1,8,Z,16.5,32.1868,322
2007,MID_RANGE,SUV_CROSSOVER,4.0,6,X,13.1,40.2335,264
2007,MID_RANGE,SUV_CROSSOVER,4.0,6,X,13.6,38.62416,276
2007,MID_RANGE,TRUCK_VAN,5.7,8,X,16.0,33.79614,315
2007,MID_RANGE,SUV_CROSSOVER,3.5,6,X,13.0,41.84284,253
2007,MID_RANGE,SUV_CROSSOVER,3.0,6,X,11.9,43.45218,242
2007,MID_RANGE,TRUCK_VAN,4.2,6,X,15.1,35.40548,301
2007,MID_RANGE,TRUCK_VAN,5.4,8,X,16.2,32.1868,324
2007,MID_RANGE,TRUCK_VAN,5.4,8,X,16.0,32.1868,320
2007,MID_RANGE,TRUCK_VAN,5.4,8,X,17.1,30.57746,343
2007,MID_RANGE,TRUCK_VAN,3.0,6,X,14.5,35.40548,290
2007,MID_RANGE,TRUCK_VAN,4.0,6,X,14.2,35.40548,290
2007,MID_RANGE,SUV_CROSSOVER,3.6,6,X,13.0,41.84284,251
2007,MID_RANGE,SEDAN_COMPACT,2.2,4,Z,11.8,45.06152,235
2007,MID_RANGE,MIDSIZE_FULLSIZE,2.4,4,X,9.9,54.71756,191
2007,HIGH_RANGE,WAGON_SPECIALTY,3.0,6,Z,13.3,40.2335,262
2007,MID_RANGE,SUV_CROSSOVER,3.7,6,X,13.4,38.62416,274
2007,MID_RANGE,SUV_CROSSOVER,2.4,4,X,10.6,45.06152,232
2007,MID_RANGE,SUV_CROSSOVER,3.8,6,X,14.0,37.01482,278
2007,HIGH_RANGE,SEDAN_COMPACT,5.0,10,Z,19.0,28.96812,352
2007,HIGH_RANGE,MIDSIZE_FULLSIZE,4.6,8,Z,12.9,41.84284,248
2007,HIGH_RANGE,SUV_CROSSOVER,4.7,8,X,17.5,28.96812,356
2007,MID_RANGE,MIDSIZE_FULLSIZE,2.3,4,X,9.4,54.71756,191
2007,MID_RANGE,MIDSIZE_FULLSIZE,2.3,4,X,10.0,53.10822,198
2007,MID_RANGE,MIDSIZE_FULLSIZE,2.3,4,Z,12.5,41.84284,246
2007,MID_RANGE,SEDAN_COMPACT,2.4,4,X,10.4,49.88954,209
2007,MID_RANGE,SEDAN_COMPACT,2.4,4,X,10.6,49.88954,209
2007,MID_RANGE,SEDAN_COMPACT,3.8,6,Z,12.6,43.45218,242
2007,MID_RANGE,SUV_CROSSOVER,3.0,6,X,12.0,45.06152,235
2007,MID_RANGE,MIDSIZE_FULLSIZE,3.5,6,Z,11.3,48.2802,218
2007,MID_RANGE,MIDSIZE_FULLSIZE,2.5,4,X,5.6,78.85766,133
2007,MID_RANGE,MIDSIZE_FULLSIZE,1.8,4,X,7.9,64.3736,163
2007,MID_RANGE,SEDAN_COMPACT,2.4,4,X,10.2,53.10822,198
2007,MID_RANGE,SEDAN_COMPACT,3.5,6,X,11.5,46.67086,221
2007,MID_RANGE,MIDSIZE_FULLSIZE,3.8,6,X,12.6,43.45218,239
2007,LOW_RANGE,SEDAN_COMPACT,2.0,4,Z,11.5,46.67086,223
2007,LOW_RANGE,WAGON_SPECIALTY,2.0,4,Z,10.8,49.88954,209
2007,LOW_RANGE,WAGON_SPECIALTY,2.3,4,Z,11.6,46.67086,221
2007,LOW_RANGE,SUV_CROSSOVER,5.3,8,X,15.4,35.40548,299
2007,MID_RANGE,MIDSIZE_FULLSIZE,3.6,6,X,11.9,45.06152,230
2007,MID_RANGE,SUV_CROSSOVER,2.5,4,X,10.4,49.88954,212
2007,MID_RANGE,MIDSIZE_FULLSIZE,2.4,4,X,9.8,54.71756,191
2007,MID_RANGE,WAGON_SPECIALTY,1.8,4,X,8.0,64.3736,163
2007,MID_RANGE,SEDAN_COMPACT,1.5,4,X,7.0,70.81096,147
2007,MID_RANGE,WAGON_SPECIALTY,2.0,4,Z,10.3,51.49888,202
2007,MID_RANGE,SEDAN_COMPACT,2.5,5,Z,11.8,46.67086,228
2007,MID_RANGE,WAGON_SPECIALTY,2.5,5,Z,11.3,48.2802,218
2007,MID_RANGE,SUV_CROSSOVER,4.4,8,Z,16.2,33.79614,315
2008,HIGH_RANGE,SEDAN_COMPACT,4.3,8,Z,17.2,32.1868,329
2008,HIGH_RANGE,WAGON_SPECIALTY,3.1,6,Z,13.6,40.2335,255
2008,HIGH_RANGE,SEDAN_COMPACT,2.0,4,Z,10.8,49.88954,212
2008,HIGH_RANGE,SUV_CROSSOVER,4.2,8,Z,17.4,30.57746,343
2008,HIGH_RANGE,SEDAN_COMPACT,4.2,8,Z,16.1,33.79614,313
2008,HIGH_RANGE,SEDAN_COMPACT,3.0,6,Z,12.0,45.06152,232
2008,HIGH_RANGE,SEDAN_COMPACT,3.0,6,Z,12.2,45.06152,232
2008,HIGH_RANGE,MIDSIZE_FULLSIZE,4.8,8,Z,14.0,38.62416,271
2008,HIGH_RANGE,SEDAN_COMPACT,5.0,10,Z,19.9,27.35878,375
2008,HIGH_RANGE,MIDSIZE_FULLSIZE,3.6,6,X,12.2,45.06152,232
2008,MID_RANGE,TRUCK_VAN,6.0,8,X,17.0,30.57746,334
2008,MID_RANGE,TRUCK_VAN,5.3,8,O,21.1,24.1401,299
2008,MID_RANGE,SUV_CROSSOVER,2.2,4,X,10.3,53.10822,198
2008,MID_RANGE,MIDSIZE_FULLSIZE,3.9,6,X,11.5,48.2802,218
2008,MID_RANGE,SUV_CROSSOVER,5.3,8,O,19.6,27.35878,270
2008,MID_RANGE,SUV_CROSSOVER,5.3,8,X,14.8,37.01482,288
2008,MID_RANGE,MIDSIZE_FULLSIZE,6.1,8,Z,16.5,32.1868,322
2008,MID_RANGE,MIDSIZE_FULLSIZE,3.5,6,X,13.8,40.2335,262
2008,MID_RANGE,SUV_CROSSOVER,4.0,6,X,13.6,38.62416,276
2008,HIGH_RANGE,MIDSIZE_FULLSIZE,6.0,12,Z,20.1,27.35878,391
2008,HIGH_RANGE,MIDSIZE_FULLSIZE,6.0,12,Z,19.8,27.35878,386
2008,MID_RANGE,SUV_CROSSOVER,3.5,6,X,13.6,38.62416,267
2008,MID_RANGE,TRUCK_VAN,4.2,6,X,14.9,35.40548,297
2008,MID_RANGE,TRUCK_VAN,5.4,8,X,16.3,32.1868,324
2008,MID_RANGE,SEDAN_COMPACT,2.0,4,X,8.5,62.76426,166
2008,MID_RANGE,TRUCK_VAN,4.0,6,X,13.9,37.01482,281
2008,MID_RANGE,TRUCK_VAN,4.0,6,X,15.7,32.1868,320
2008,MID_RANGE,SEDAN_COMPACT,1.6,4,X,7.4,65.98294,159
2008,MID_RANGE,SUV_CROSSOVER,2.7,6,X,12.1,43.45218,239
2008,MID_RANGE,SEDAN_COMPACT,2.0,4,X,10.2,51.49888,202
2008,HIGH_RANGE,SEDAN_COMPACT,4.2,8,Z,13.9,38.62416,271
2008,HIGH_RANGE,SEDAN_COMPACT,3.0,6,Z,13.2,40.2335,260
2008,MID_RANGE,SUV_CROSSOVER,2.4,4,X,9.9,49.88954,212
2008,MID_RANGE,SUV_CROSSOVER,3.7,6,X,13.9,37.01482,281
2008,MID_RANGE,SUV_CROSSOVER,5.7,8,X,16.1,32.1868,317
2008,MID_RANGE,SUV_CROSSOVER,3.8,6,X,14.1,37.01482,285
2008,MID_RANGE,MIDSIZE_FULLSIZE,2.0,4,X,8.6,61.15492,172
2008,HIGH_RANGE,SUV_CROSSOVER,4.4,8,X,17.2,30.57746,340
2008,HIGH_RANGE,SUV_CROSSOVER,4.2,8,X,17.7,30.57746,340
2008,HIGH_RANGE,MIDSIZE_FULLSIZE,3.5,6,Z,11.6,45.06152,230
2008,HIGH_RANGE,SUV_CROSSOVER,4.7,8,Z,15.3,33.79614,313
2008,HIGH_RANGE,MIDSIZE_FULLSIZE,4.2,8,Z,18.1,28.96812,356
2008,MID_RANGE,TRUCK_VAN,3.0,6,X,14.4,37.01482,285
2008,MID_RANGE,TRUCK_VAN,3.0,6,X,13.3,38.62416,267
2008,MID_RANGE,SEDAN_COMPACT,2.0,4,X,8.4,61.15492,170
2008,MID_RANGE,MIDSIZE_FULLSIZE,3.0,6,X,12.2,43.45218,237
2008,HIGH_RANGE,WAGON_SPECIALTY,2.0,4,Z,9.2,56.3269,186
2008,HIGH_RANGE,SEDAN_COMPACT,2.5,6,Z,11.9,45.06152,232
2008,HIGH_RANGE,SUV_CROSSOVER,3.5,6,Z,14.4,35.40548,290
2008,MID_RANGE,SEDAN_COMPACT,1.6,4,Z,9.0,59.54558,177
2008,MID_RANGE,WAGON_SPECIALTY,1.8,4,X,8.2,62.76426,168
2008,HIGH_RANGE,SEDAN_COMPACT,3.8,6,Z,12.5,43.45218,242
2008,HIGH_RANGE,SEDAN_COMPACT,3.6,6,Z,12.3,43.45218,239
2008,HIGH_RANGE,SUV_CROSSOVER,3.6,6,Z,15.4,35.40548,297
2008,LOW_RANGE,WAGON_SPECIALTY,2.8,6,Z,13.6,40.2335,258
2008,LOW_RANGE,WAGON_SPECIALTY,2.8,6,Z,13.3,41.84284,248
2008,LOW_RANGE,SUV_CROSSOVER,4.2,6,X,15.3,35.40548,299
2008,MID_RANGE,SUV_CROSSOVER,3.6,6,X,13.2,40.2335,260
2008,MID_RANGE,SUV_CROSSOVER,2.5,4,X,10.4,49.88954,212
2008,MID_RANGE,SUV_CROSSOVER,2.5,4,X,10.7,48.2802,216
2008,MID_RANGE,MIDSIZE_FULLSIZE,2.4,4,X,5.7,80.467,131
2008,MID_RANGE,SEDAN_COMPACT,3.3,6,X,11.6,46.67086,225
2008,MID_RANGE,TRUCK_VAN,2.7,4,X,11.1,46.67086,223
2008,MID_RANGE,SEDAN_COMPACT,2.5,5,Z,11.2,48.2802,218
2008,MID_RANGE,SEDAN_COMPACT,2.5,5,Z,11.9,45.06152,230
2008,MID_RANGE,WAGON_SPECIALTY,3.2,6,Z,13.3,40.2335,255
2008,MID_RANGE,SUV_CROSSOVER,3.2,6,Z,15.1,35.40548,297
2009,HIGH_RANGE,SUV_CROSSOVER,3.7,6,Z,13.8,37.01482,278
2009,HIGH_RANGE,MIDSIZE_FULLSIZE,3.5,6,Z,11.6,46.67086,223
2009,HIGH_RANGE,SEDAN_COMPACT,4.7,8,Z,16.4,33.79614,315
2009,HIGH_RANGE,WAGON_SPECIALTY,2.0,4,Z,9.6,53.10822,198
2009,HIGH_RANGE,SEDAN_COMPACT,2.0,4,Z,10.1,51.49888,205
2009,HIGH_RANGE,SEDAN_COMPACT,4.2,8,Z,16.2,33.79614,313
2009,HIGH_RANGE,MIDSIZE_FULLSIZE,6.0,12,Z,20.9,27.35878,386
2009,HIGH_RANGE,SEDAN_COMPACT,3.0,6,Z,12.5,43.45218,242
2009,HIGH_RANGE,SUV_CROSSOVER,3.0,6,Z,12.5,43.45218,244
2009,HIGH_RANGE,SUV_CROSSOVER,4.8,8,Z,15.6,33.79614,304
2009,MID_RANGE,MIDSIZE_FULLSIZE,5.3,8,Z,12.9,41.84284,248
2009,HIGH_RANGE,MIDSIZE_FULLSIZE,3.6,6,X,12.9,43.45218,244
2009,HIGH_RANGE,SUV_CROSSOVER,3.6,6,X,14.1,38.62416,269
2009,HIGH_RANGE,SUV_CROSSOVER,4.6,8,Z,16.0,33.79614,306
2009,MID_RANGE,SUV_CROSSOVER,2.2,4,O,12.6,41.84284,173
2009,MID_RANGE,TRUCK_VAN,4.3,6,X,14.1,37.01482,281
2009,MID_RANGE,TRUCK_VAN,4.8,8,X,14.7,35.40548,297
2009,MID_RANGE,TRUCK_VAN,5.3,8,O,20.3,25.74944,277
2009,MID_RANGE,SUV_CROSSOVER,5.3,8,O,20.6,25.74944,277
2009,MID_RANGE,TRUCK_VAN,3.9,6,X,13.1,40.2335,255
2009,MID_RANGE,SEDAN_COMPACT,2.7,6,O,16.4,33.79614,219
2009,MID_RANGE,TRUCK_VAN,3.7,6,X,15.6,33.79614,315
2009,MID_RANGE,TRUCK_VAN,3.7,6,X,14.5,35.40548,294
2009,MID_RANGE,SUV_CROSSOVER,4.7,8,X,15.6,33.79614,310
2009,MID_RANGE,SUV_CROSSOVER,4.0,6,X,13.5,38.62416,271
2009,HIGH_RANGE,SEDAN_COMPACT,4.3,8,Z,19.0,28.96812,368
2009,MID_RANGE,SUV_CROSSOVER,3.0,6,X,12.1,43.45218,239
2009,MID_RANGE,TRUCK_VAN,5.4,8,X,15.1,35.40548,299
2009,MID_RANGE,SEDAN_COMPACT,2.4,4,X,9.4,56.3269,184
2009,MID_RANGE,SEDAN_COMPACT,3.5,6,X,12.6,43.45218,242
2009,MID_RANGE,SEDAN_COMPACT,1.6,4,X,7.4,67.59228,156
2009,HIGH_RANGE,MIDSIZE_FULLSIZE,3.7,6,Z,11.8,45.06152,230
2009,HIGH_RANGE,MIDSIZE_FULLSIZE,4.2,8,Z,14.5,38.62416,274
2009,HIGH_RANGE,SEDAN_COMPACT,4.2,8,Z,13.9,38.62416,271
2009,MID_RANGE,SUV_CROSSOVER,3.7,6,X,13.9,37.01482,281
2009,MID_RANGE,SUV_CROSSOVER,3.8,6,X,14.3,35.40548,290
2009,MID_RANGE,WAGON_SPECIALTY,2.7,6,X,11.5,46.67086,225
2009,HIGH_RANGE,WAGON_SPECIALTY,2.0,4,Z,9.2,56.3269,186
2009,HIGH_RANGE,SEDAN_COMPACT,3.0,6,Z,12.0,45.06152,235
2009,HIGH_RANGE,MIDSIZE_FULLSIZE,3.5,6,Z,12.9,40.2335,255
2009,HIGH_RANGE,WAGON_SPECIALTY,3.5,6,Z,13.3,40.2335,264
2009,HIGH_RANGE,MIDSIZE_FULLSIZE,6.2,8,Z,18.8,28.96812,354
2009,HIGH_RANGE,SEDAN_COMPACT,6.2,8,Z,17.9,30.57746,336
2009,MID_RANGE,SEDAN_COMPACT,2.5,4,X,8.9,59.54558,175
2009,MID_RANGE,SEDAN_COMPACT,3.5,6,X,11.4,46.67086,221
2009,MID_RANGE,SEDAN_COMPACT,2.4,4,Z,11.0,46.67086,221
2009,HIGH_RANGE,SEDAN_COMPACT,3.6,6,Z,11.2,48.2802,218
2009,HIGH_RANGE,SEDAN_COMPACT,3.6,6,Z,11.4,46.67086,223
2009,HIGH_RANGE,SEDAN_COMPACT,3.8,6,Z,11.8,45.06152,232
2009,LOW_RANGE,SEDAN_COMPACT,2.8,6,Z,13.9,40.2335,262
2009,LOW_RANGE,SEDAN_COMPACT,2.0,4,Z,11.2,48.2802,216
2009,LOW_RANGE,SUV_CROSSOVER,6.0,8,Z,18.1,28.96812,363
2009,MID_RANGE,SEDAN_COMPACT,2.5,4,X,10.6,49.88954,212
2009,LOW_RANGE,SUV_CROSSOVER,2.4,4,X,11.2,46.67086,225
2009,LOW_RANGE,SEDAN_COMPACT,1.6,4,X,8.2,64.3736,163
2009,MID_RANGE,WAGON_SPECIALTY,2.4,4,X,10.3,49.88954,209
2009,MID_RANGE,SUV_CROSSOVER,5.7,8,X,16.4,32.1868,324
2009,MID_RANGE,SEDAN_COMPACT,1.5,4,X,7.0,70.81096,147
2009,MID_RANGE,MIDSIZE_FULLSIZE,2.0,4,Z,10.8,49.88954,209
2009,MID_RANGE,SEDAN_COMPACT,2.5,5,X,11.9,45.06152,230
2009,MID_RANGE,SUV_CROSSOVER,3.2,6,X,13.7,40.2335,264
2010,HIGH_RANGE,WAGON_SPECIALTY,3.0,6,Z,12.0,45.06152,235
2010,HIGH_RANGE,SUV_CROSSOVER,3.6,6,Z,14.8,35.40548,294
2010,HIGH_RANGE,SEDAN_COMPACT,4.2,8,Z,17.1,32.1868,322
2010,HIGH_RANGE,SEDAN_COMPACT,4.2,8,Z,12.8,40.2335,255
2010,HIGH_RANGE,SEDAN_COMPACT,2.0,4,Z,9.7,53.10822,196
2010,HIGH_RANGE,SEDAN_COMPACT,3.0,6,Z,11.6,46.67086,225
2010,HIGH_RANGE,MIDSIZE_FULLSIZE,3.0,6,Z,12.1,45.06152,235
2010,HIGH_RANGE,WAGON_SPECIALTY,3.0,6,Z,13.5,40.2335,258
2010,HIGH_RANGE,SEDAN_COMPACT,4.8,8,Z,14.0,38.62416,269
2010,HIGH_RANGE,SEDAN_COMPACT,4.0,8,Z,15.3,35.40548,294
2010,HIGH_RANGE,MIDSIZE_FULLSIZE,5.0,10,Z,19.9,27.35878,373
2010,HIGH_RANGE,SEDAN_COMPACT,5.0,10,Z,20.3,27.35878,377
2010,HIGH_RANGE,SEDAN_COMPACT,5.0,10,Z,19.9,27.35878,373
2010,HIGH_RANGE,MIDSIZE_FULLSIZE,6.2,8,Z,14.9,35.40548,297
2010,HIGH_RANGE,SUV_CROSSOVER,6.2,8,Z,15.3,35.40548,299
2010,MID_RANGE,TRUCK_VAN,5.3,8,X,14.4,37.01482,281
2010,MID_RANGE,SEDAN_COMPACT,6.2,8,Z,13.2,41.84284,251
2010,MID_RANGE,TRUCK_VAN,3.7,5,X,13.3,40.2335,264
2010,MID_RANGE,TRUCK_VAN,5.3,8,O,21.8,24.1401,306
2010,MID_RANGE,SUV_CROSSOVER,2.4,4,O,12.6,41.84284,174
2010,MID_RANGE,TRUCK_VAN,4.8,8,X,15.3,35.40548,301
2010,MID_RANGE,TRUCK_VAN,5.3,8,O,19.5,27.35878,262
2010,MID_RANGE,SEDAN_COMPACT,2.7,6,O,16.8,32.1868,222
2010,MID_RANGE,MIDSIZE_FULLSIZE,3.5,6,X,12.9,43.45218,239
2010,MID_RANGE,MIDSIZE_FULLSIZE,2.7,6,X,10.8,49.88954,212
2010,MID_RANGE,SUV_CROSSOVER,3.5,6,X,13.6,40.2335,262
2010,MID_RANGE,SUV_CROSSOVER,3.7,6,X,14.0,37.01482,278
2010,MID_RANGE,TRUCK_VAN,5.7,8,X,15.4,35.40548,301
2010,MID_RANGE,SUV_CROSSOVER,3.0,6,X,10.9,46.67086,221
2010,MID_RANGE,TRUCK_VAN,5.4,8,X,15.9,32.1868,317
2010,MID_RANGE,MIDSIZE_FULLSIZE,2.5,4,X,9.4,56.3269,186
2010,MID_RANGE,MIDSIZE_FULLSIZE,3.5,6,X,12.3,43.45218,239
2010,MID_RANGE,SEDAN_COMPACT,1.3,4,X,4.8,96.5604,108
2010,MID_RANGE,TRUCK_VAN,3.5,6,X,12.3,43.45218,237
2010,LOW_RANGE,TRUCK_VAN,3.7,5,X,14.7,35.40548,299
2010,LOW_RANGE,TRUCK_VAN,5.3,8,X,16.5,30.57746,338
2010,HIGH_RANGE,MIDSIZE_FULLSIZE,5.0,8,Z,13.1,41.84284,253
2010,MID_RANGE,SUV_CROSSOVER,3.7,6,X,14.6,35.40548,294
2010,MID_RANGE,SUV_CROSSOVER,2.4,4,X,9.7,51.49888,205
2010,MID_RANGE,SEDAN_COMPACT,2.0,4,X,8.3,62.76426,166
2010,MID_RANGE,SEDAN_COMPACT,2.4,4,X,9.3,57.93624,182
2010,MID_RANGE,WAGON_SPECIALTY,2.4,4,X,10.6,49.88954,212
2010,MID_RANGE,WAGON_SPECIALTY,2.0,4,X,8.6,59.54558,177
2010,MID_RANGE,SUV_CROSSOVER,2.7,6,X,11.3,45.06152,230
2010,HIGH_RANGE,MIDSIZE_FULLSIZE,4.6,8,Z,12.9,41.84284,248
2010,HIGH_RANGE,SUV_CROSSOVER,3.5,6,Z,11.5,46.67086,228
2010,HIGH_RANGE,SEDAN_COMPACT,4.7,8,Z,17.8,30.57746,345
2010,MID_RANGE,MIDSIZE_FULLSIZE,3.7,6,X,12.1,45.06152,235
2010,MID_RANGE,SEDAN_COMPACT,2.0,4,Z,9.7,53.10822,196
2010,HIGH_RANGE,MIDSIZE_FULLSIZE,6.0,12,Z,21.2,25.74944,402
2010,HIGH_RANGE,MIDSIZE_FULLSIZE,3.5,6,Z,11.0,48.2802,218
2010,HIGH_RANGE,MIDSIZE_FULLSIZE,5.5,8,Z,14.9,37.01482,285
2010,HIGH_RANGE,MIDSIZE_FULLSIZE,5.5,12,Z,19.1,28.96812,361
2010,MID_RANGE,MIDSIZE_FULLSIZE,1.6,4,X,7.7,65.98294,159
2010,HIGH_RANGE,SEDAN_COMPACT,3.8,6,Z,15.2,35.40548,292
2010,HIGH_RANGE,SEDAN_COMPACT,3.8,6,Z,13.1,41.84284,251
2010,HIGH_RANGE,SUV_CROSSOVER,3.6,6,Z,14.6,37.01482,288
2010,HIGH_RANGE,SUV_CROSSOVER,4.8,8,Z,19.4,28.96812,366
2010,HIGH_RANGE,SEDAN_COMPACT,6.7,12,Z,18.1,30.57746,347
2010,MID_RANGE,SUV_CROSSOVER,2.5,4,Z,11.0,46.67086,225
2010,MID_RANGE,SEDAN_COMPACT,2.5,4,X,10.4,49.88954,212
2010,MID_RANGE,MIDSIZE_FULLSIZE,2.5,4,X,9.0,59.54558,177
2010,MID_RANGE,MIDSIZE_FULLSIZE,2.4,4,X,5.7,80.467,131
2010,MID_RANGE,SUV_CROSSOVER,4.0,6,X,12.5,40.2335,258
2010,MID_RANGE,SUV_CROSSOVER,3.5,6,X,11.1,46.67086,221
2010,MID_RANGE,TRUCK_VAN,3.5,6,X,13.3,38.62416,267
2010,MID_RANGE,SUV_CROSSOVER,3.5,6,X,11.0,48.2802,218
2010,MID_RANGE,SUV_CROSSOVER,2.7,4,X,10.2,51.49888,202
2010,MID_RANGE,SEDAN_COMPACT,2.0,4,X,9.8,53.10822,196
2010,MID_RANGE,SEDAN_COMPACT,2.5,5,X,10.2,51.49888,200
2010,MID_RANGE,SEDAN_COMPACT,2.5,5,X,10.8,49.88954,212
2011,HIGH_RANGE,SEDAN_COMPACT,2.0,4,X,8.7,59.54558,177
2011,HIGH_RANGE,SEDAN_COMPACT,5.9,12,Z,18.1,30.57746,343
2011,HIGH_RANGE,SEDAN_COMPACT,4.7,8,Z,15.3,35.40548,297
2011,HIGH_RANGE,SEDAN_COMPACT,2.0,4,Z,10.0,51.49888,200
2011,HIGH_RANGE,MIDSIZE_FULLSIZE,4.2,8,Z,13.0,41.84284,253
2011,HIGH_RANGE,WAGON_SPECIALTY,3.0,6,Z,12.0,45.06152,235
2011,HIGH_RANGE,SEDAN_COMPACT,6.0,12,Z,18.8,28.96812,354
2011,HIGH_RANGE,SEDAN_COMPACT,3.0,6,Z,11.5,46.67086,221
2011,HIGH_RANGE,SEDAN_COMPACT,3.0,6,Z,11.0,48.2802,214
2011,HIGH_RANGE,SEDAN_COMPACT,3.0,6,Z,12.3,43.45218,242
2011,MID_RANGE,SUV_CROSSOVER,3.6,6,X,12.7,41.84284,248
2011,MID_RANGE,MIDSIZE_FULLSIZE,3.6,6,Z,12.2,45.06152,230
2011,MID_RANGE,MIDSIZE_FULLSIZE,3.9,6,X,12.0,45.06152,230
2011,HIGH_RANGE,MIDSIZE_FULLSIZE,3.0,6,X,13.1,41.84284,246
2011,HIGH_RANGE,MIDSIZE_FULLSIZE,6.2,8,Z,14.9,35.40548,297
2011,HIGH_RANGE,SUV_CROSSOVER,3.0,6,X,12.2,41.84284,246
2011,MID_RANGE,SEDAN_COMPACT,1.6,4,X,8.2,64.3736,163
2011,MID_RANGE,SEDAN_COMPACT,3.6,6,X,11.4,48.2802,216
2011,MID_RANGE,TRUCK_VAN,4.3,6,X,14.1,37.01482,283
2011,MID_RANGE,MIDSIZE_FULLSIZE,3.5,6,O,14.8,37.01482,197
2011,MID_RANGE,TRUCK_VAN,4.8,8,O,20.2,25.74944,280
2011,MID_RANGE,TRUCK_VAN,6.0,8,X,10.1,48.2802,216
2011,MID_RANGE,MIDSIZE_FULLSIZE,3.6,6,X,11.0,49.88954,209
2011,MID_RANGE,MIDSIZE_FULLSIZE,2.0,4,X,8.5,61.15492,172
2011,MID_RANGE,TRUCK_VAN,5.7,8,X,15.4,35.40548,301
2011,MID_RANGE,SUV_CROSSOVER,3.5,6,X,11.9,45.06152,235
2011,MID_RANGE,TRUCK_VAN,3.5,6,X,13.0,40.2335,258
2011,MID_RANGE,TRUCK_VAN,3.5,6,X,13.9,38.62416,271
2011,MID_RANGE,SEDAN_COMPACT,1.6,4,X,7.1,72.4203,145
2011,MID_RANGE,SEDAN_COMPACT,3.7,6,X,11.9,45.06152,232
2011,MID_RANGE,MIDSIZE_FULLSIZE,2.4,4,X,8.8,61.15492,170
2011,MID_RANGE,SEDAN_COMPACT,2.0,4,Z,10.5,51.49888,202
2011,MID_RANGE,SUV_CROSSOVER,2.4,4,X,10.1,51.49888,202
2011,MID_RANGE,SUV_CROSSOVER,2.4,4,X,10.6,49.88954,212
2011,HIGH_RANGE,MIDSIZE_FULLSIZE,3.7,6,Z,12.0,43.45218,237
2011,HIGH_RANGE,SUV_CROSSOVER,5.6,8,Z,15.7,33.79614,304
2011,HIGH_RANGE,MIDSIZE_FULLSIZE,5.0,8,Z,13.1,41.84284,253
2011,MID_RANGE,SEDAN_COMPACT,2.4,4,X,9.2,57.93624,179
2011,MID_RANGE,SUV_CROSSOVER,3.5,6,X,11.1,46.67086,223
2011,MID_RANGE,WAGON_SPECIALTY,2.0,4,X,8.6,59.54558,175
2011,HIGH_RANGE,MIDSIZE_FULLSIZE,3.5,6,X,11.7,46.67086,223
2011,MID_RANGE,SEDAN_COMPACT,1.5,4,X,7.5,67.59228,156
2011,HIGH_RANGE,WAGON_SPECIALTY,3.5,6,Z,12.8,41.84284,251
2011,HIGH_RANGE,SUV_CROSSOVER,4.7,8,Z,16.6,32.1868,329
2011,HIGH_RANGE,SUV_CROSSOVER,3.5,6,Z,14.1,37.01482,283
2011,MID_RANGE,SEDAN_COMPACT,1.6,4,Z,7.3,69.20162,150
2011,MID_RANGE,SEDAN_COMPACT,1.6,4,Z,7.9,64.3736,161
2011,MID_RANGE,WAGON_SPECIALTY,2.0,4,X,8.6,61.15492,170
2011,MID_RANGE,SUV_CROSSOVER,3.0,6,Z,11.0,46.67086,221
2011,MID_RANGE,SEDAN_COMPACT,3.7,6,Z,11.7,45.06152,230
2011,MID_RANGE,MIDSIZE_FULLSIZE,2.5,4,X,8.7,61.15492,172
2011,MID_RANGE,MIDSIZE_FULLSIZE,3.5,6,X,10.4,49.88954,207
2011,MID_RANGE,SUV_CROSSOVER,5.6,8,X,17.3,30.57746,338
2011,MID_RANGE,TRUCK_VAN,4.0,6,X,14.8,35.40548,294
2011,MID_RANGE,TRUCK_VAN,4.0,6,X,13.8,37.01482,281
2011,MID_RANGE,SEDAN_COMPACT,3.8,6,Z,13.9,38.62416,274
2011,MID_RANGE,MIDSIZE_FULLSIZE,3.5,6,Z,10.8,48.2802,216
2011,MID_RANGE,MIDSIZE_FULLSIZE,1.6,4,X,7.7,65.98294,159
2011,HIGH_RANGE,SEDAN_COMPACT,3.8,6,Z,11.6,45.06152,230
2011,HIGH_RANGE,SUV_CROSSOVER,3.6,6,Z,12.9,41.84284,251
2011,HIGH_RANGE,MIDSIZE_FULLSIZE,4.8,8,Z,14.1,38.62416,269
2011,LOW_RANGE,SEDAN_COMPACT,1.0,3,Z,5.9,83.68568,124
2011,MID_RANGE,SEDAN_COMPACT,2.5,4,X,10.8,49.88954,212
2011,LOW_RANGE,SEDAN_COMPACT,2.4,4,X,10.1,53.10822,198
2011,LOW_RANGE,WAGON_SPECIALTY,2.0,4,X,9.0,56.3269,184
2011,LOW_RANGE,SEDAN_COMPACT,2.0,4,X,9.1,57.93624,179
2011,MID_RANGE,MIDSIZE_FULLSIZE,2.5,4,X,9.0,59.54558,177
2011,MID_RANGE,MIDSIZE_FULLSIZE,2.4,4,X,5.7,80.467,131
2011,MID_RANGE,SUV_CROSSOVER,4.0,6,X,12.4,40.2335,255
2011,MID_RANGE,SUV_CROSSOVER,2.7,4,X,10.0,53.10822,196
2011,MID_RANGE,SEDAN_COMPACT,2.0,4,Z,9.5,54.71756,189
2011,MID_RANGE,WAGON_SPECIALTY,2.5,5,X,9.9,54.71756,189
2011,MID_RANGE,SUV_CROSSOVER,2.0,4,Z,10.7,48.2802,218
2011,MID_RANGE,SUV_CROSSOVER,4.4,8,X,15.6,35.40548,301
2012,HIGH_RANGE,WAGON_SPECIALTY,2.0,4,Z,10.4,51.49888,200
2012,HIGH_RANGE,WAGON_SPECIALTY,2.0,4,Z,10.0,51.49888,200
2012,HIGH_RANGE,SEDAN_COMPACT,6.0,12,Z,19.1,28.96812,359
2012,HIGH_RANGE,SEDAN_COMPACT,3.0,6,Z,10.8,49.88954,209
2012,HIGH_RANGE,SEDAN_COMPACT,3.0,6,Z,11.3,49.88954,212
2012,HIGH_RANGE,SEDAN_COMPACT,3.0,6,Z,11.7,46.67086,228
2012,HIGH_RANGE,SEDAN_COMPACT,3.0,6,Z,10.4,51.49888,202
2012,HIGH_RANGE,SEDAN_COMPACT,3.0,6,Z,12.4,45.06152,235
2012,HIGH_RANGE,SUV_CROSSOVER,6.2,8,O,23.6,22.53076,317
2012,MID_RANGE,SEDAN_COMPACT,3.6,6,X,12.4,45.06152,230
2012,MID_RANGE,SEDAN_COMPACT,6.2,8,Z,13.5,40.2335,255
2012,MID_RANGE,MIDSIZE_FULLSIZE,1.4,4,X,7.8,69.20162,152
2012,MID_RANGE,TRUCK_VAN,5.3,8,X,16.2,32.1868,324
2012,MID_RANGE,TRUCK_VAN,5.3,8,O,21.4,24.1401,298
2012,MID_RANGE,TRUCK_VAN,4.3,6,X,14.1,37.01482,281
2012,MID_RANGE,MIDSIZE_FULLSIZE,2.4,4,X,10.5,51.49888,200
2012,MID_RANGE,MIDSIZE_FULLSIZE,3.6,6,O,15.3,35.40548,203
2012,MID_RANGE,MIDSIZE_FULLSIZE,2.0,4,X,8.5,61.15492,172
2012,MID_RANGE,SUV_CROSSOVER,5.7,8,X,16.6,33.79614,315
2012,MID_RANGE,SUV_CROSSOVER,2.4,4,X,10.8,48.2802,214
2012,MID_RANGE,TRUCK_VAN,4.6,8,O,22.3,22.53076,317
2012,MID_RANGE,TRUCK_VAN,4.6,8,X,16.8,30.57746,340
2012,MID_RANGE,TRUCK_VAN,5.4,8,X,18.7,27.35878,375
2012,MID_RANGE,SUV_CROSSOVER,2.5,4,X,9.1,54.71756,189
2012,MID_RANGE,SUV_CROSSOVER,3.0,6,O,15.0,35.40548,210
2012,MID_RANGE,SUV_CROSSOVER,2.0,4,X,10.4,51.49888,205
2012,MID_RANGE,TRUCK_VAN,3.7,6,X,12.7,41.84284,253
2012,MID_RANGE,TRUCK_VAN,3.7,6,O,17.4,30.57746,240
2012,MID_RANGE,MIDSIZE_FULLSIZE,2.5,4,X,9.4,54.71756,191
2012,MID_RANGE,MIDSIZE_FULLSIZE,3.0,6,X,11.9,45.06152,230
2012,MID_RANGE,SUV_CROSSOVER,6.2,8,O,23.6,22.53076,317
2012,MID_RANGE,SEDAN_COMPACT,1.5,4,X,5.6,85.29502,122
2012,MID_RANGE,WAGON_SPECIALTY,2.0,4,X,8.7,59.54558,177
2012,MID_RANGE,WAGON_SPECIALTY,2.0,4,X,8.9,57.93624,179
2012,MID_RANGE,MIDSIZE_FULLSIZE,2.4,4,X,8.7,62.76426,168
2012,HIGH_RANGE,SEDAN_COMPACT,3.7,6,Z,12.9,41.84284,251
2012,HIGH_RANGE,MIDSIZE_FULLSIZE,5.0,8,Z,13.1,41.84284,253
2012,HIGH_RANGE,SEDAN_COMPACT,5.0,8,Z,13.5,40.2335,262
2012,MID_RANGE,SUV_CROSSOVER,2.4,4,X,9.0,56.3269,186
2012,MID_RANGE,SUV_CROSSOVER,3.6,6,X,12.7,40.2335,258
2012,MID_RANGE,SEDAN_COMPACT,1.6,4,X,7.1,70.81096,147
2012,MID_RANGE,WAGON_SPECIALTY,2.0,4,X,8.8,56.3269,184
2012,HIGH_RANGE,SEDAN_COMPACT,6.5,12,Z,21.0,27.35878,393
2012,HIGH_RANGE,SEDAN_COMPACT,5.2,10,Z,18.7,28.96812,356
2012,HIGH_RANGE,MIDSIZE_FULLSIZE,2.5,4,X,4.6,90.12304,115
2012,MID_RANGE,SUV_CROSSOVER,3.7,6,X,12.7,41.84284,248
2012,MID_RANGE,SEDAN_COMPACT,1.5,4,X,7.1,69.20162,150
2012,MID_RANGE,MIDSIZE_FULLSIZE,2.3,4,Z,11.5,46.67086,228
2012,HIGH_RANGE,SEDAN_COMPACT,3.0,6,Z,11.8,45.06152,232
2012,HIGH_RANGE,WAGON_SPECIALTY,3.5,6,Z,11.2,48.2802,218
2012,HIGH_RANGE,SEDAN_COMPACT,3.5,6,Z,11.0,49.88954,212
2012,HIGH_RANGE,WAGON_SPECIALTY,5.5,8,Z,13.8,38.62416,267
2012,HIGH_RANGE,SUV_CROSSOVER,3.5,6,Z,13.2,40.2335,260
2012,HIGH_RANGE,SUV_CROSSOVER,4.7,8,Z,14.5,37.01482,288
2012,HIGH_RANGE,SEDAN_COMPACT,6.2,8,Z,15.6,33.79614,306
2012,MID_RANGE,SEDAN_COMPACT,1.6,4,Z,8.1,62.76426,166
2012,MID_RANGE,SEDAN_COMPACT,2.0,4,Z,11.9,45.06152,232
2012,MID_RANGE,SEDAN_COMPACT,2.0,4,X,8.4,62.76426,166
2012,MID_RANGE,SUV_CROSSOVER,2.0,4,X,8.7,59.54558,175
2012,MID_RANGE,MIDSIZE_FULLSIZE,2.5,4,X,8.8,59.54558,175
2012,MID_RANGE,SUV_CROSSOVER,2.5,4,X,9.6,51.49888,202
2012,MID_RANGE,TRUCK_VAN,5.6,8,X,17.7,30.57746,350
2012,MID_RANGE,SEDAN_COMPACT,1.6,4,X,6.7,75.63898,138
2012,HIGH_RANGE,SEDAN_COMPACT,3.8,6,Z,11.6,46.67086,228
2012,HIGH_RANGE,SEDAN_COMPACT,3.8,6,Z,11.2,48.2802,218
2012,HIGH_RANGE,SEDAN_COMPACT,3.4,6,Z,10.1,51.49888,200
2012,HIGH_RANGE,SEDAN_COMPACT,3.8,6,Z,10.9,48.2802,214
2012,HIGH_RANGE,MIDSIZE_FULLSIZE,3.6,6,Z,11.8,46.67086,228
2012,LOW_RANGE,SEDAN_COMPACT,2.5,4,X,9.2,56.3269,184
2012,LOW_RANGE,SEDAN_COMPACT,2.0,4,X,8.0,62.76426,166
2012,MID_RANGE,TRUCK_VAN,3.5,6,X,11.3,46.67086,225
2012,MID_RANGE,TRUCK_VAN,2.7,4,X,11.5,43.45218,237
2012,MID_RANGE,TRUCK_VAN,4.0,6,X,13.7,37.01482,283
2012,MID_RANGE,SUV_CROSSOVER,3.5,6,X,11.1,46.67086,221
2012,MID_RANGE,SEDAN_COMPACT,2.0,4,Z,9.6,54.71756,191
2012,MID_RANGE,SEDAN_COMPACT,2.5,5,X,10.2,51.49888,200
2013,HIGH_RANGE,MIDSIZE_FULLSIZE,2.0,4,Z,10.5,51.49888,205
2013,HIGH_RANGE,SEDAN_COMPACT,2.0,4,Z,10.1,51.49888,205
2013,HIGH_RANGE,SEDAN_COMPACT,3.0,6,Z,11.8,45.06152,230
2013,HIGH_RANGE,SEDAN_COMPACT,3.0,6,Z,10.6,51.49888,205
2013,HIGH_RANGE,SEDAN_COMPACT,2.0,4,Z,9.0,61.15492,172
2013,HIGH_RANGE,SEDAN_COMPACT,3.0,6,Z,12.4,43.45218,244
2013,HIGH_RANGE,MIDSIZE_FULLSIZE,2.0,4,Z,8.5,62.76426,166
2013,HIGH_RANGE,MIDSIZE_FULLSIZE,2.0,4,Z,9.0,59.54558,177
2013,HIGH_RANGE,SEDAN_COMPACT,4.0,8,Z,15.4,35.40548,297
2013,HIGH_RANGE,SEDAN_COMPACT,4.0,8,Z,15.2,35.40548,292
2013,HIGH_RANGE,SEDAN_COMPACT,4.4,8,Z,14.4,37.01482,278
2013,HIGH_RANGE,SUV_CROSSOVER,4.4,8,Z,17.2,30.57746,343
2013,HIGH_RANGE,SUV_CROSSOVER,3.0,6,Z,13.1,40.2335,255
2013,HIGH_RANGE,MIDSIZE_FULLSIZE,6.2,8,Z,18.1,30.57746,345
2013,HIGH_RANGE,SUV_CROSSOVER,3.6,6,O,17.8,30.57746,243
2013,MID_RANGE,SEDAN_COMPACT,3.6,6,X,12.4,45.06152,230
2013,MID_RANGE,SEDAN_COMPACT,3.6,6,X,11.2,49.88954,209
2013,MID_RANGE,SEDAN_COMPACT,6.2,8,Z,13.6,40.2335,258
2013,MID_RANGE,SEDAN_COMPACT,6.2,8,Z,14.9,35.40548,299
2013,MID_RANGE,TRUCK_VAN,6.2,8,Z,17.7,30.57746,343
2013,MID_RANGE,MIDSIZE_FULLSIZE,1.4,4,X,7.3,72.4203,145
2013,MID_RANGE,SEDAN_COMPACT,6.4,8,Z,15.0,37.01482,281
2013,MID_RANGE,TRUCK_VAN,4.6,8,X,16.1,32.1868,329
2013,MID_RANGE,SUV_CROSSOVER,2.0,4,X,9.8,53.10822,196
2013,MID_RANGE,TRUCK_VAN,3.5,6,X,13.0,40.2335,258
2013,MID_RANGE,TRUCK_VAN,6.2,8,X,16.5,32.1868,324
2013,MID_RANGE,TRUCK_VAN,3.7,6,X,13.3,38.62416,267
2013,MID_RANGE,MIDSIZE_FULLSIZE,1.6,4,X,8.7,62.76426,168
2013,MID_RANGE,MIDSIZE_FULLSIZE,3.5,6,O,16.6,32.1868,222
2013,MID_RANGE,SUV_CROSSOVER,6.2,8,O,23.5,22.53076,317
2013,MID_RANGE,SEDAN_COMPACT,2.4,4,Z,10.0,54.71756,193
2013,MID_RANGE,WAGON_SPECIALTY,1.5,4,X,7.1,72.4203,145
2013,MID_RANGE,SEDAN_COMPACT,1.3,4,X,4.7,98.16974,106
2013,MID_RANGE,SEDAN_COMPACT,1.6,4,X,7.2,72.4203,145
2013,MID_RANGE,SEDAN_COMPACT,1.6,4,X,7.5,69.20162,150
2013,HIGH_RANGE,MIDSIZE_FULLSIZE,3.7,6,Z,12.3,43.45218,237
2013,HIGH_RANGE,SUV_CROSSOVER,5.6,8,Z,15.7,33.79614,304
2013,MID_RANGE,SUV_CROSSOVER,3.6,6,X,12.7,40.2335,258
2013,MID_RANGE,SUV_CROSSOVER,3.6,6,X,13.4,38.62416,269
2013,MID_RANGE,MIDSIZE_FULLSIZE,2.4,4,X,9.2,57.93624,179
2013,MID_RANGE,SEDAN_COMPACT,2.4,4,X,9.2,57.93624,179
2013,HIGH_RANGE,SEDAN_COMPACT,5.2,10,Z,20.1,27.35878,382
2013,HIGH_RANGE,SUV_CROSSOVER,2.0,4,Z,12.0,43.45218,239
2013,HIGH_RANGE,SUV_CROSSOVER,5.7,8,Z,17.0,30.57746,334
2013,HIGH_RANGE,SUV_CROSSOVER,3.5,6,X,13.1,40.2335,258
2013,MID_RANGE,MIDSIZE_FULLSIZE,2.0,4,X,7.6,69.20162,150
2013,MID_RANGE,MIDSIZE_FULLSIZE,2.5,4,X,9.8,54.71756,193
2013,MID_RANGE,MIDSIZE_FULLSIZE,3.7,6,X,11.8,46.67086,228
2013,HIGH_RANGE,SEDAN_COMPACT,1.8,4,Z,9.5,56.3269,186
2013,HIGH_RANGE,SEDAN_COMPACT,4.7,8,Z,13.8,40.2335,264
2013,HIGH_RANGE,SEDAN_COMPACT,5.5,8,Z,13.6,40.2335,262
2013,HIGH_RANGE,SEDAN_COMPACT,3.5,6,O,14.9,35.40548,202
2013,HIGH_RANGE,SUV_CROSSOVER,4.7,8,Z,14.5,37.01482,288
2013,HIGH_RANGE,SEDAN_COMPACT,1.8,4,Z,9.0,59.54558,177
2013,MID_RANGE,WAGON_SPECIALTY,2.0,4,X,8.3,62.76426,168
2013,MID_RANGE,WAGON_SPECIALTY,2.0,4,X,8.5,62.76426,168
2013,MID_RANGE,SEDAN_COMPACT,3.7,6,Z,11.6,45.06152,230
2013,MID_RANGE,TRUCK_VAN,3.5,6,X,11.0,46.67086,221
2013,HIGH_RANGE,SEDAN_COMPACT,3.4,6,Z,10.4,51.49888,205
2013,HIGH_RANGE,SEDAN_COMPACT,3.8,6,Z,11.0,48.2802,214
2013,HIGH_RANGE,SEDAN_COMPACT,3.8,6,Z,12.7,43.45218,244
2013,MID_RANGE,TRUCK_VAN,5.7,8,X,15.4,35.40548,301
2013,MID_RANGE,TRUCK_VAN,4.7,8,X,15.0,35.40548,297
2013,LOW_RANGE,WAGON_SPECIALTY,2.0,4,X,9.3,56.3269,186
2013,LOW_RANGE,WAGON_SPECIALTY,2.0,4,X,9.1,57.93624,179
2013,MID_RANGE,MIDSIZE_FULLSIZE,2.5,4,X,8.2,64.3736,161
2013,MID_RANGE,SUV_CROSSOVER,2.5,4,X,9.1,56.3269,186
2013,MID_RANGE,MIDSIZE_FULLSIZE,3.6,6,Z,10.9,48.2802,216
2013,MID_RANGE,MIDSIZE_FULLSIZE,3.0,6,X,11.7,45.06152,230
2013,MID_RANGE,SUV_CROSSOVER,3.2,6,X,11.6,45.06152,230
2014,HIGH_RANGE,SUV_CROSSOVER,3.5,6,Z,10.7,49.88954,212
2014,HIGH_RANGE,SEDAN_COMPACT,2.0,4,Z,8.6,61.15492,173
2014,HIGH_RANGE,SEDAN_COMPACT,4.2,8,Z,13.7,38.62416,269
2014,HIGH_RANGE,SEDAN_COMPACT,4.4,8,Z,15.6,35.40548,299
2014,HIGH_RANGE,SEDAN_COMPACT,2.0,4,Z,9.4,57.93624,179
2014,HIGH_RANGE,MIDSIZE_FULLSIZE,2.0,4,Z,11.1,48.2802,214
2014,HIGH_RANGE,WAGON_SPECIALTY,3.6,6,X,11.8,46.67086,225
2014,HIGH_RANGE,WAGON_SPECIALTY,3.6,6,X,11.8,46.67086,228
2014,HIGH_RANGE,SUV_CROSSOVER,6.2,8,O,21.2,25.74944,286
2014,MID_RANGE,SUV_CROSSOVER,3.6,6,O,17.9,30.57746,242
2014,MID_RANGE,TRUCK_VAN,5.3,8,O,21.8,24.1401,306
2014,MID_RANGE,TRUCK_VAN,6.0,8,X,19.9,27.35878,384
2014,MID_RANGE,MIDSIZE_FULLSIZE,3.6,6,O,15.0,35.40548,202
2014,MID_RANGE,TRUCK_VAN,6.2,8,Z,14.7,37.01482,288
2014,MID_RANGE,MIDSIZE_FULLSIZE,1.8,4,X,7.7,67.59228,156
2014,MID_RANGE,SUV_CROSSOVER,1.4,4,X,7.8,67.59228,156
2014,MID_RANGE,MIDSIZE_FULLSIZE,3.6,6,X,10.9,51.49888,205
2014,MID_RANGE,SEDAN_COMPACT,3.6,6,X,11.0,49.88954,209
2014,MID_RANGE,MIDSIZE_FULLSIZE,2.4,4,X,9.9,54.71756,193
2014,MID_RANGE,MIDSIZE_FULLSIZE,5.7,8,X,14.1,40.2335,260
2014,MID_RANGE,MIDSIZE_FULLSIZE,3.6,6,X,11.4,48.2802,219
2014,MID_RANGE,MIDSIZE_FULLSIZE,3.6,6,O,15.1,37.01482,195
2014,MID_RANGE,MIDSIZE_FULLSIZE,1.4,4,X,7.2,74.02964,143
2014,LOW_RANGE,WAGON_SPECIALTY,1.4,4,X,8.0,64.3736,163
2014,MID_RANGE,MIDSIZE_FULLSIZE,2.0,4,X,4.6,93.34172,113
2014,MID_RANGE,TRUCK_VAN,5.4,8,O,24.4,20.92142,342
2014,MID_RANGE,SUV_CROSSOVER,2.0,4,X,9.8,53.10822,198
2014,MID_RANGE,SUV_CROSSOVER,3.5,6,X,12.7,41.84284,251
2014,MID_RANGE,SUV_CROSSOVER,3.5,6,O,17.1,30.57746,237
2014,MID_RANGE,TRUCK_VAN,5.0,8,O,20.1,25.74944,280
2014,MID_RANGE,SEDAN_COMPACT,1.5,4,X,6.4,78.85766,133
2014,MID_RANGE,MIDSIZE_FULLSIZE,5.0,8,Z,14.1,38.62416,269
2014,MID_RANGE,SEDAN_COMPACT,1.6,4,X,8.6,59.54558,175
2014,HIGH_RANGE,SUV_CROSSOVER,5.0,8,Z,14.9,35.40548,294
2014,MID_RANGE,SUV_CROSSOVER,2.0,4,X,8.9,57.93624,182
2014,HIGH_RANGE,SUV_CROSSOVER,5.0,8,O,21.9,24.1401,296
2014,HIGH_RANGE,SEDAN_COMPACT,4.7,8,Z,16.4,33.79614,308
2014,MID_RANGE,SUV_CROSSOVER,3.7,6,X,12.7,40.2335,255
2014,MID_RANGE,SEDAN_COMPACT,2.5,4,X,7.2,74.02964,143
2014,MID_RANGE,MIDSIZE_FULLSIZE,2.0,4,X,7.0,75.63898,138
2014,MID_RANGE,MIDSIZE_FULLSIZE,2.5,4,X,7.0,74.02964,140
2014,HIGH_RANGE,SUV_CROSSOVER,3.5,6,O,16.0,32.1868,226
2014,MID_RANGE,SEDAN_COMPACT,1.6,4,Z,8.0,62.76426,168
2014,MID_RANGE,SEDAN_COMPACT,1.2,3,X,5.3,93.34172,113
2014,MID_RANGE,SUV_CROSSOVER,3.0,6,Z,10.1,51.49888,202
2014,MID_RANGE,SEDAN_COMPACT,3.7,6,Z,12.0,43.45218,237
2014,HIGH_RANGE,SEDAN_COMPACT,3.4,6,Z,10.2,51.49888,202
2014,HIGH_RANGE,SEDAN_COMPACT,3.4,6,Z,10.4,51.49888,205
2014,HIGH_RANGE,SEDAN_COMPACT,3.8,6,Z,11.1,48.2802,216
2014,HIGH_RANGE,SEDAN_COMPACT,3.8,6,Z,11.0,48.2802,214
2014,MID_RANGE,SUV_CROSSOVER,2.5,4,X,8.6,59.54558,177
2014,MID_RANGE,SUV_CROSSOVER,3.5,6,X,11.5,45.06152,230
2014,MID_RANGE,SUV_CROSSOVER,2.5,4,X,9.1,56.3269,186
2014,MID_RANGE,TRUCK_VAN,4.0,6,X,13.7,37.01482,283
2014,MID_RANGE,TRUCK_VAN,4.0,6,X,13.2,38.62416,271
2014,MID_RANGE,SEDAN_COMPACT,1.5,4,X,6.7,74.02964,140
2014,MID_RANGE,SEDAN_COMPACT,2.5,5,X,9.8,51.49888,200
2014,MID_RANGE,SEDAN_COMPACT,2.0,4,Z,8.9,59.54558,177
2014,MID_RANGE,MIDSIZE_FULLSIZE,1.8,4,X,8.6,62.76426,168
2015,HIGH_RANGE,SEDAN_COMPACT,2.4,4,Z,10.8,48.2802,214
2015,HIGH_RANGE,SEDAN_COMPACT,3.5,6,Z,11.2,49.88954,212
2015,HIGH_RANGE,SEDAN_COMPACT,2.0,4,Z,11.0,46.67086,221
2015,HIGH_RANGE,SEDAN_COMPACT,2.0,4,Z,10.6,49.88954,209
2015,HIGH_RANGE,MIDSIZE_FULLSIZE,6.3,12,Z,17.8,30.57746,344
2015,HIGH_RANGE,SEDAN_COMPACT,2.0,4,Z,11.9,43.45218,237
2015,HIGH_RANGE,SEDAN_COMPACT,4.2,8,Z,14.8,35.40548,297
2015,HIGH_RANGE,SEDAN_COMPACT,3.0,6,Z,13.3,40.2335,262
2015,HIGH_RANGE,MIDSIZE_FULLSIZE,4.4,8,Z,15.2,35.40548,294
2015,HIGH_RANGE,SUV_CROSSOVER,4.4,8,Z,16.6,30.57746,336
2015,MID_RANGE,SEDAN_COMPACT,2.0,4,Z,11.6,46.67086,225
2015,HIGH_RANGE,MIDSIZE_FULLSIZE,2.0,4,Z,11.5,46.67086,228
2015,HIGH_RANGE,SUV_CROSSOVER,6.2,8,Z,16.8,30.57746,334
2015,MID_RANGE,SEDAN_COMPACT,6.2,8,Z,15.3,35.40548,294
2015,MID_RANGE,SEDAN_COMPACT,6.2,8,Z,19.9,27.35878,386
2015,MID_RANGE,SEDAN_COMPACT,6.2,8,Z,17.7,32.1868,329
2015,MID_RANGE,MIDSIZE_FULLSIZE,2.5,4,X,10.6,49.88954,212
2015,MID_RANGE,SUV_CROSSOVER,5.3,8,O,20.5,25.74944,282
2015,MID_RANGE,MIDSIZE_FULLSIZE,3.6,6,X,13.7,40.2335,264
2015,MID_RANGE,SUV_CROSSOVER,3.6,6,X,14.5,37.01482,285
2015,MID_RANGE,SUV_CROSSOVER,3.5,6,X,13.2,40.2335,260
2015,MID_RANGE,SUV_CROSSOVER,2.5,4,X,10.9,48.2802,218
2015,MID_RANGE,SUV_CROSSOVER,3.5,6,X,14.2,37.01482,288
2015,MID_RANGE,SEDAN_COMPACT,2.0,4,O,12.4,41.84284,174
2015,MID_RANGE,MIDSIZE_FULLSIZE,2.0,4,X,10.5,51.49888,205
2015,MID_RANGE,MIDSIZE_FULLSIZE,2.0,4,X,10.8,48.2802,214
2015,MID_RANGE,TRUCK_VAN,3.5,6,X,16.6,30.57746,338
2015,MID_RANGE,WAGON_SPECIALTY,2.5,4,X,11.3,46.67086,228
2015,MID_RANGE,SEDAN_COMPACT,1.8,4,X,7.9,64.3736,163
2015,MID_RANGE,MIDSIZE_FULLSIZE,2.0,4,X,9.7,53.10822,198
2015,MID_RANGE,SEDAN_COMPACT,1.6,4,X,9.7,53.10822,196
2015,HIGH_RANGE,MIDSIZE_FULLSIZE,3.7,6,Z,12.8,41.84284,253
2015,HIGH_RANGE,WAGON_SPECIALTY,3.7,6,Z,13.7,38.62416,274
2015,HIGH_RANGE,MIDSIZE_FULLSIZE,5.0,8,O,21.3,25.74944,290
2015,MID_RANGE,SUV_CROSSOVER,3.2,6,X,12.2,41.84284,248
2015,MID_RANGE,SUV_CROSSOVER,2.4,4,X,10.2,48.2802,214
2015,MID_RANGE,SUV_CROSSOVER,2.4,4,X,10.6,46.67086,223
2015,MID_RANGE,MIDSIZE_FULLSIZE,3.8,6,X,13.3,40.2335,260
2015,MID_RANGE,WAGON_SPECIALTY,2.0,4,X,9.7,51.49888,202
2015,MID_RANGE,SUV_CROSSOVER,2.4,4,X,12.9,40.2335,260
2015,HIGH_RANGE,MIDSIZE_FULLSIZE,4.6,8,Z,14.4,37.01482,283
2015,HIGH_RANGE,SUV_CROSSOVER,5.7,8,Z,19.0,27.35878,382
2015,HIGH_RANGE,MIDSIZE_FULLSIZE,3.7,6,X,13.1,40.2335,258
2015,HIGH_RANGE,SUV_CROSSOVER,3.5,6,X,14.6,35.40548,294
2015,HIGH_RANGE,SUV_CROSSOVER,3.7,6,X,13.7,37.01482,278
2015,HIGH_RANGE,MIDSIZE_FULLSIZE,2.0,4,X,5.7,78.85766,133
2015,MID_RANGE,SUV_CROSSOVER,2.5,4,X,9.6,53.10822,198
2015,MID_RANGE,SUV_CROSSOVER,3.7,6,X,14.2,37.01482,283
2015,MID_RANGE,MIDSIZE_FULLSIZE,2.5,4,X,8.7,59.54558,177
2015,HIGH_RANGE,SEDAN_COMPACT,3.5,6,Z,12.1,43.45218,244
2015,HIGH_RANGE,WAGON_SPECIALTY,3.5,6,Z,12.4,41.84284,248
2015,HIGH_RANGE,MIDSIZE_FULLSIZE,4.7,8,Z,12.9,40.2335,262
2015,HIGH_RANGE,SUV_CROSSOVER,4.7,8,Z,17.5,28.96812,359
2015,HIGH_RANGE,SUV_CROSSOVER,3.5,6,Z,12.6,40.2335,258
2015,HIGH_RANGE,MIDSIZE_FULLSIZE,6.0,12,Z,18.5,28.96812,357
2015,HIGH_RANGE,SEDAN_COMPACT,4.7,8,Z,13.8,38.62416,274
2015,MID_RANGE,SEDAN_COMPACT,2.0,4,Z,9.3,54.71756,193
2015,MID_RANGE,SEDAN_COMPACT,2.0,4,X,9.6,54.71756,193
2015,MID_RANGE,SUV_CROSSOVER,3.0,6,Z,11.5,45.06152,232
2015,MID_RANGE,SUV_CROSSOVER,2.0,4,X,9.3,54.71756,193
2015,MID_RANGE,MIDSIZE_FULLSIZE,2.5,4,X,8.7,59.54558,175
2015,MID_RANGE,WAGON_SPECIALTY,1.6,4,X,8.5,57.93624,182
2015,MID_RANGE,SUV_CROSSOVER,2.5,4,X,9.5,53.10822,196
2015,MID_RANGE,SUV_CROSSOVER,4.0,6,X,16.0,32.1868,327
2015,HIGH_RANGE,SEDAN_COMPACT,3.4,6,Z,11.6,45.06152,232
2015,HIGH_RANGE,SEDAN_COMPACT,3.4,6,Z,12.3,43.45218,244
2015,HIGH_RANGE,SEDAN_COMPACT,3.8,6,Z,12.2,43.45218,244
2015,HIGH_RANGE,SUV_CROSSOVER,3.6,6,Z,14.2,37.01482,283
2015,MID_RANGE,TRUCK_VAN,3.6,6,X,12.9,40.2335,260
2015,MID_RANGE,TRUCK_VAN,3.6,6,O,20.5,25.74944,285
2015,LOW_RANGE,WAGON_SPECIALTY,2.4,4,X,10.8,46.67086,225
2015,MID_RANGE,WAGON_SPECIALTY,2.0,4,X,8.5,59.54558,175
2015,MID_RANGE,SUV_CROSSOVER,5.7,8,X,18.8,27.35878,382
2015,MID_RANGE,SEDAN_COMPACT,1.5,4,X,7.7,64.3736,163
2015,MID_RANGE,SEDAN_COMPACT,2.0,4,Z,11.4,46.67086,221
2015,MID_RANGE,WAGON_SPECIALTY,1.8,4,X,9.5,54.71756,189
2015,MID_RANGE,SEDAN_COMPACT,3.0,6,X,12.8,41.84284,253
2015,MID_RANGE,SEDAN_COMPACT,2.5,5,X,11.6,45.06152,232
2016,HIGH_RANGE,SEDAN_COMPACT,5.9,12,Z,18.0,28.96812,365
2016,HIGH_RANGE,SEDAN_COMPACT,2.0,4,Z,11.0,46.67086,224
2016,HIGH_RANGE,SEDAN_COMPACT,2.0,4,Z,10.3,48.2802,222
2016,HIGH_RANGE,SEDAN_COMPACT,4.0,8,Z,17.7,32.1868,337
2016,HIGH_RANGE,SEDAN_COMPACT,2.0,4,Z,10.4,51.49888,207
2016,HIGH_RANGE,WAGON_SPECIALTY,2.0,4,O,7.7,67.59228,183
2016,HIGH_RANGE,WAGON_SPECIALTY,2.0,4,Z,10.5,51.49888,209
2016,HIGH_RANGE,MIDSIZE_FULLSIZE,3.0,6,Z,13.0,40.2335,263
2016,HIGH_RANGE,SEDAN_COMPACT,3.0,6,Z,14.1,37.01482,284
2016,MID_RANGE,SUV_CROSSOVER,1.4,4,X,9.5,53.10822,199
2016,MID_RANGE,SUV_CROSSOVER,1.4,4,X,8.5,57.93624,182
2016,MID_RANGE,MIDSIZE_FULLSIZE,3.6,6,X,13.8,38.62416,274
2016,HIGH_RANGE,MIDSIZE_FULLSIZE,2.0,4,Z,11.2,46.67086,229
2016,HIGH_RANGE,MIDSIZE_FULLSIZE,3.6,6,X,13.9,38.62416,273
2016,HIGH_RANGE,MIDSIZE_FULLSIZE,3.6,6,Z,15.0,35.40548,302
2016,MID_RANGE,SEDAN_COMPACT,1.4,4,X,8.9,56.3269,189
2016,MID_RANGE,WAGON_SPECIALTY,1.4,4,X,9.0,56.3269,188
2016,MID_RANGE,SUV_CROSSOVER,5.3,8,O,20.9,25.74944,300
2016,MID_RANGE,MIDSIZE_FULLSIZE,3.6,6,X,12.8,41.84284,250
2016,MID_RANGE,TRUCK_VAN,3.6,6,X,14.1,38.62416,282
2016,MID_RANGE,MIDSIZE_FULLSIZE,6.4,8,Z,16.8,32.1868,326
2016,MID_RANGE,MIDSIZE_FULLSIZE,5.7,8,X,16.1,33.79614,313
2016,MID_RANGE,SUV_CROSSOVER,2.4,4,X,12.7,40.2335,260
2016,MID_RANGE,SUV_CROSSOVER,3.6,6,O,18.9,27.35878,270
2016,LOW_RANGE,SEDAN_COMPACT,1.4,4,X,8.7,57.93624,183
2016,LOW_RANGE,SEDAN_COMPACT,1.4,4,X,7.6,67.59228,160
2016,LOW_RANGE,SUV_CROSSOVER,2.4,4,X,10.6,48.2802,217
2016,MID_RANGE,SUV_CROSSOVER,3.5,6,X,16.2,32.1868,334
2016,MID_RANGE,TRUCK_VAN,3.5,6,O,17.9,28.96812,261
2016,MID_RANGE,TRUCK_VAN,5.0,8,X,16.8,30.57746,341
2016,MID_RANGE,SUV_CROSSOVER,3.5,6,X,15.7,33.79614,322
2016,MID_RANGE,SEDAN_COMPACT,1.0,3,X,8.5,62.76426,171
2016,MID_RANGE,MIDSIZE_FULLSIZE,1.5,4,X,9.4,56.3269,188
2016,MID_RANGE,MIDSIZE_FULLSIZE,2.5,4,X,10.5,51.49888,209
2016,MID_RANGE,SEDAN_COMPACT,5.0,8,X,15.4,35.40548,304
2016,MID_RANGE,SUV_CROSSOVER,6.2,8,Z,16.4,32.1868,334
2016,MID_RANGE,SEDAN_COMPACT,2.0,4,X,8.9,59.54558,179
2016,MID_RANGE,SUV_CROSSOVER,3.5,6,X,12.4,41.84284,253
2016,MID_RANGE,MIDSIZE_FULLSIZE,1.8,4,X,8.5,61.15492,176
2016,MID_RANGE,SEDAN_COMPACT,1.6,4,X,8.9,56.3269,191
2016,HIGH_RANGE,SUV_CROSSOVER,3.7,6,Z,14.5,35.40548,301
2016,HIGH_RANGE,SUV_CROSSOVER,5.6,8,Z,17.4,30.57746,354
2016,HIGH_RANGE,MIDSIZE_FULLSIZE,3.0,6,Z,11.9,43.45218,241
2016,MID_RANGE,SUV_CROSSOVER,3.2,6,X,12.5,41.84284,256
2016,MID_RANGE,SUV_CROSSOVER,2.0,4,X,10.3,49.88954,214
2016,MID_RANGE,SUV_CROSSOVER,2.4,4,X,11.2,46.67086,229
2016,MID_RANGE,MIDSIZE_FULLSIZE,2.0,4,X,9.7,54.71756,197
2016,MID_RANGE,SEDAN_COMPACT,1.6,4,X,8.5,59.54558,175
2016,MID_RANGE,SUV_CROSSOVER,2.4,4,X,12.0,41.84284,251
2016,HIGH_RANGE,SUV_CROSSOVER,3.0,6,Z,16.2,32.1868,336
2016,HIGH_RANGE,MIDSIZE_FULLSIZE,3.5,6,Z,11.9,45.06152,237
2016,HIGH_RANGE,SEDAN_COMPACT,3.5,6,Z,12.6,40.2335,258
2016,HIGH_RANGE,SUV_CROSSOVER,2.0,4,X,12.4,41.84284,256
2016,HIGH_RANGE,SUV_CROSSOVER,3.5,6,X,15.7,33.79614,322
2016,HIGH_RANGE,MIDSIZE_FULLSIZE,3.0,6,Z,15.0,35.40548,295
2016,HIGH_RANGE,SEDAN_COMPACT,4.0,8,Z,13.4,38.62416,268
2016,HIGH_RANGE,SEDAN_COMPACT,4.0,8,Z,14.5,35.40548,303
2016,HIGH_RANGE,SEDAN_COMPACT,2.0,4,Z,9.4,56.3269,188
2016,HIGH_RANGE,SUV_CROSSOVER,3.0,6,Z,13.6,38.62416,281
2016,MID_RANGE,SEDAN_COMPACT,2.0,4,Z,9.4,53.10822,199
2016,MID_RANGE,SEDAN_COMPACT,2.0,4,X,8.6,57.93624,181
2016,MID_RANGE,MIDSIZE_FULLSIZE,2.5,4,X,8.7,61.15492,176
2016,MID_RANGE,WAGON_SPECIALTY,1.6,4,Z,9.4,51.49888,208
2016,MID_RANGE,SUV_CROSSOVER,3.5,6,X,12.1,41.84284,251
2016,HIGH_RANGE,SEDAN_COMPACT,3.4,6,Z,12.3,41.84284,251
2016,HIGH_RANGE,SUV_CROSSOVER,3.6,6,Z,13.5,38.62416,277
2016,HIGH_RANGE,SUV_CROSSOVER,3.6,6,Z,14.8,35.40548,300
2016,MID_RANGE,TRUCK_VAN,5.7,8,X,17.1,30.57746,348
2016,MID_RANGE,TRUCK_VAN,5.7,8,X,16.2,32.1868,330
2016,HIGH_RANGE,MIDSIZE_FULLSIZE,6.7,12,Z,20.9,25.74944,403
2016,HIGH_RANGE,SEDAN_COMPACT,6.7,12,Z,20.7,25.74944,404
2016,MID_RANGE,SUV_CROSSOVER,2.5,4,X,11.0,46.67086,228
2016,MID_RANGE,SEDAN_COMPACT,1.8,4,X,9.3,56.3269,187
2016,MID_RANGE,SEDAN_COMPACT,2.0,4,X,9.5,53.10822,198
2016,MID_RANGE,SEDAN_COMPACT,2.0,4,Z,10.4,48.2802,216
2016,MID_RANGE,SEDAN_COMPACT,2.0,4,X,10.1,51.49888,207
2016,MID_RANGE,SEDAN_COMPACT,2.0,4,Z,10.6,48.2802,218
2016,MID_RANGE,SUV_CROSSOVER,2.0,4,Z,10.8,45.06152,239
2017,HIGH_RANGE,SEDAN_COMPACT,2.0,4,Z,11.0,46.67086,226
2017,HIGH_RANGE,SEDAN_COMPACT,3.0,6,Z,13.8,38.62416,273
2017,HIGH_RANGE,SEDAN_COMPACT,3.0,6,Z,11.1,46.67086,224
2017,HIGH_RANGE,MIDSIZE_FULLSIZE,3.0,6,Z,11.4,46.67086,228
2017,HIGH_RANGE,SEDAN_COMPACT,4.4,8,Z,16.2,32.1868,324
2017,HIGH_RANGE,SUV_CROSSOVER,4.4,8,Z,15.6,33.79614,320
2017,MID_RANGE,MIDSIZE_FULLSIZE,3.6,6,X,11.2,48.2802,224
2017,MID_RANGE,MIDSIZE_FULLSIZE,2.0,4,Z,12.1,41.84284,250
2017,HIGH_RANGE,SEDAN_COMPACT,3.6,6,X,11.6,45.06152,234
2017,HIGH_RANGE,MIDSIZE_FULLSIZE,3.6,6,X,12.8,41.84284,259
2017,HIGH_RANGE,MIDSIZE_FULLSIZE,3.6,6,X,12.2,43.45218,248
2017,HIGH_RANGE,SUV_CROSSOVER,3.6,6,X,12.1,43.45218,245
2017,HIGH_RANGE,MIDSIZE_FULLSIZE,3.6,6,X,13.2,40.2335,260
2017,MID_RANGE,SEDAN_COMPACT,6.2,8,Z,14.3,37.01482,284
2017,MID_RANGE,TRUCK_VAN,2.8,4,O,10.8,48.2802,255
2017,MID_RANGE,TRUCK_VAN,3.6,6,X,13.4,38.62416,274
2017,MID_RANGE,SUV_CROSSOVER,2.4,4,X,11.0,48.2802,221
2017,MID_RANGE,SEDAN_COMPACT,1.4,4,X,8.8,57.93624,184
2017,MID_RANGE,SEDAN_COMPACT,1.8,4,X,9.2,54.71756,194
2017,MID_RANGE,SUV_CROSSOVER,5.3,8,O,20.8,25.74944,299
2017,MID_RANGE,MIDSIZE_FULLSIZE,3.6,6,O,17.6,30.57746,248
2017,MID_RANGE,SUV_CROSSOVER,3.6,6,X,12.7,40.2335,265
2017,MID_RANGE,SUV_CROSSOVER,3.6,6,X,14.2,37.01482,284
2017,MID_RANGE,SUV_CROSSOVER,2.0,4,X,10.6,48.2802,222
2017,MID_RANGE,SUV_CROSSOVER,3.5,6,X,15.9,32.1868,333
2017,MID_RANGE,TRUCK_VAN,2.7,6,X,13.1,38.62416,276
2017,MID_RANGE,TRUCK_VAN,2.7,6,X,13.3,37.01482,288
2017,MID_RANGE,TRUCK_VAN,3.5,6,X,14.0,37.01482,293
2017,MID_RANGE,MIDSIZE_FULLSIZE,2.0,4,X,10.5,48.2802,219
2017,MID_RANGE,SEDAN_COMPACT,2.3,4,X,11.0,46.67086,226
2017,MID_RANGE,SEDAN_COMPACT,2.3,4,X,11.2,45.06152,237
2017,MID_RANGE,TRUCK_VAN,3.7,6,X,16.7,30.57746,354
2017,MID_RANGE,MIDSIZE_FULLSIZE,3.5,6,O,18.7,27.35878,271
2017,MID_RANGE,TRUCK_VAN,5.3,8,O,20.7,25.74944,317
2017,MID_RANGE,MIDSIZE_FULLSIZE,1.5,4,X,7.4,69.20162,153
2017,MID_RANGE,MIDSIZE_FULLSIZE,1.5,4,X,8.0,62.76426,167
2017,MID_RANGE,MIDSIZE_FULLSIZE,1.5,4,Z,8.0,62.76426,167
2017,MID_RANGE,WAGON_SPECIALTY,1.8,4,X,8.3,59.54558,180
2017,MID_RANGE,TRUCK_VAN,3.5,6,X,12.8,40.2335,264
2017,MID_RANGE,MIDSIZE_FULLSIZE,2.0,4,X,9.8,51.49888,204
2017,MID_RANGE,MIDSIZE_FULLSIZE,1.6,4,X,4.2,111.04446,96
2017,HIGH_RANGE,MIDSIZE_FULLSIZE,3.0,6,Z,12.6,41.84284,256
2017,HIGH_RANGE,SEDAN_COMPACT,3.0,6,Z,14.9,35.40548,296
2017,HIGH_RANGE,MIDSIZE_FULLSIZE,3.0,6,Z,14.0,38.62416,280
2017,MID_RANGE,SUV_CROSSOVER,2.4,4,X,11.3,45.06152,235
2017,MID_RANGE,SUV_CROSSOVER,2.4,4,X,11.7,40.2335,259
2017,MID_RANGE,SUV_CROSSOVER,2.4,4,X,10.8,48.2802,221
2017,MID_RANGE,MIDSIZE_FULLSIZE,2.0,4,X,9.7,54.71756,197
2017,MID_RANGE,SUV_CROSSOVER,3.3,6,X,13.2,40.2335,270
2017,MID_RANGE,WAGON_SPECIALTY,1.6,4,X,9.7,51.49888,208
2017,MID_RANGE,WAGON_SPECIALTY,1.6,4,X,9.1,53.10822,199
2017,HIGH_RANGE,SUV_CROSSOVER,2.0,4,Z,12.0,41.84284,252
2017,HIGH_RANGE,SEDAN_COMPACT,1.8,4,X,5.5,80.467,132
2017,HIGH_RANGE,MIDSIZE_FULLSIZE,3.5,6,Z,12.4,41.84284,257
2017,HIGH_RANGE,SUV_CROSSOVER,2.0,4,X,12.3,41.84284,256
2017,HIGH_RANGE,WAGON_SPECIALTY,3.7,6,X,14.7,35.40548,298
2017,HIGH_RANGE,MIDSIZE_FULLSIZE,2.0,4,X,11.8,45.06152,239
2017,HIGH_RANGE,MIDSIZE_FULLSIZE,2.0,4,X,5.7,77.24832,139
2017,HIGH_RANGE,MIDSIZE_FULLSIZE,3.0,6,Z,14.9,35.40548,300
2017,MID_RANGE,SUV_CROSSOVER,2.5,4,X,10.6,46.67086,225
2017,MID_RANGE,SEDAN_COMPACT,2.5,4,X,9.3,54.71756,194
2017,MID_RANGE,MIDSIZE_FULLSIZE,2.0,4,X,8.4,61.15492,174
2017,MID_RANGE,MIDSIZE_FULLSIZE,2.5,4,X,9.0,57.93624,183
2017,HIGH_RANGE,SEDAN_COMPACT,2.0,4,Z,10.1,49.88954,212
2017,HIGH_RANGE,SUV_CROSSOVER,4.0,8,Z,19.0,25.74944,401
2017,HIGH_RANGE,SEDAN_COMPACT,4.7,8,Z,13.9,38.62416,276
2017,HIGH_RANGE,MIDSIZE_FULLSIZE,6.0,12,Z,17.5,30.57746,350
2017,MID_RANGE,MIDSIZE_FULLSIZE,1.5,3,Z,9.6,54.71756,197
2017,MID_RANGE,SEDAN_COMPACT,2.0,4,Z,10.8,48.2802,220
2017,MID_RANGE,SEDAN_COMPACT,3.7,6,Z,13.0,40.2335,270
2017,MID_RANGE,TRUCK_VAN,4.0,6,X,14.8,35.40548,304
2017,MID_RANGE,SUV_CROSSOVER,3.5,6,X,11.6,45.06152,240
2017,MID_RANGE,MIDSIZE_FULLSIZE,1.6,4,Z,9.4,51.49888,205
2017,HIGH_RANGE,SEDAN_COMPACT,3.0,6,Z,10.8,46.67086,228
2017,HIGH_RANGE,SEDAN_COMPACT,2.0,4,Z,10.5,48.2802,219
2017,LOW_RANGE,SEDAN_COMPACT,0.9,3,Z,7.0,67.59228,152
2017,MID_RANGE,SUV_CROSSOVER,2.0,4,X,10.3,49.88954,216
2017,MID_RANGE,SUV_CROSSOVER,2.0,4,Z,10.2,48.2802,223
2017,MID_RANGE,MIDSIZE_FULLSIZE,3.6,6,X,11.9,43.45218,241
2017,MID_RANGE,SEDAN_COMPACT,2.0,4,Z,12.5,40.2335,255
2017,MID_RANGE,SUV_CROSSOVER,3.5,6,X,11.7,43.45218,242
2017,MID_RANGE,MIDSIZE_FULLSIZE,1.8,4,X,4.4,101.38842,105
2017,MID_RANGE,TRUCK_VAN,4.6,8,X,15.8,32.1868,334
2017,MID_RANGE,SEDAN_COMPACT,2.0,4,X,9.6,53.10822,199
2017,MID_RANGE,SEDAN_COMPACT,2.0,4,Z,10.9,48.2802,220
2017,MID_RANGE,WAGON_SPECIALTY,1.8,4,X,9.3,54.71756,192
2017,MID_RANGE,MIDSIZE_FULLSIZE,3.6,6,X,11.9,43.45218,242
2017,MID_RANGE,MIDSIZE_FULLSIZE,2.0,4,Z,10.8,48.2802,219
2017,MID_RANGE,WAGON_SPECIALTY,2.0,4,Z,11.8,43.45218,241
2017,MID_RANGE,SUV_CROSSOVER,2.0,4,Z,10.8,45.06152,239
2017,MID_RANGE,SUV_CROSSOVER,2.0,4,Z,11.5,43.45218,249
2018,LOW_RANGE,SUV_CROSSOVER,3.5,6,Z,12.6,41.84284,259
2018,LOW_RANGE,SEDAN_COMPACT,2.4,4,Z,10.0,51.49888,205
2018,HIGH_RANGE,SEDAN_COMPACT,2.0,4,Z,11.9,43.45218,240
2018,HIGH_RANGE,MIDSIZE_FULLSIZE,3.0,6,Z,11.5,46.67086,232
2018,HIGH_RANGE,MIDSIZE_FULLSIZE,4.0,8,Z,18.8,30.57746,353
2018,HIGH_RANGE,WAGON_SPECIALTY,2.0,4,Z,10.2,51.49888,208
2018,HIGH_RANGE,MIDSIZE_FULLSIZE,3.0,6,Z,11.6,45.06152,236
2018,HIGH_RANGE,SEDAN_COMPACT,3.0,6,Z,13.1,40.2335,267
2018,HIGH_RANGE,SEDAN_COMPACT,4.4,8,Z,17.3,30.57746,344
2018,HIGH_RANGE,SUV_CROSSOVER,2.0,4,Z,11.0,48.2802,222
2018,HIGH_RANGE,SUV_CROSSOVER,3.0,6,Z,13.0,40.2335,270
2018,HIGH_RANGE,SUV_CROSSOVER,4.4,8,Z,15.4,33.79614,317
2018,HIGH_RANGE,SEDAN_COMPACT,3.6,6,Z,13.9,38.62416,291
2018,MID_RANGE,SEDAN_COMPACT,2.0,4,Z,10.8,48.2802,220
2018,MID_RANGE,TRUCK_VAN,2.5,4,X,12.6,40.2335,266
2018,MID_RANGE,SEDAN_COMPACT,6.2,8,Z,15.5,35.40548,297
2018,MID_RANGE,SEDAN_COMPACT,6.2,8,Z,14.2,38.62416,278
2018,MID_RANGE,SEDAN_COMPACT,6.2,8,Z,17.6,32.1868,336
2018,MID_RANGE,TRUCK_VAN,4.3,6,O,19.3,27.35878,284
2018,MID_RANGE,SEDAN_COMPACT,1.8,4,X,9.2,56.3269,190
2018,MID_RANGE,WAGON_SPECIALTY,1.8,4,X,9.2,56.3269,190
2018,MID_RANGE,SUV_CROSSOVER,5.3,8,X,15.3,33.79614,312
2018,MID_RANGE,MIDSIZE_FULLSIZE,6.4,8,Z,15.6,35.40548,302
2018,LOW_RANGE,SEDAN_COMPACT,1.4,4,X,9.3,56.3269,187
2018,LOW_RANGE,SEDAN_COMPACT,1.4,4,X,9.7,51.49888,202
2018,MID_RANGE,TRUCK_VAN,3.3,6,X,12.3,41.84284,257
2018,MID_RANGE,TRUCK_VAN,5.0,8,X,14.7,32.1868,324
2018,MID_RANGE,TRUCK_VAN,3.3,6,X,13.0,38.62416,277
2018,MID_RANGE,TRUCK_VAN,3.3,6,X,12.9,38.62416,273
2018,MID_RANGE,TRUCK_VAN,5.0,8,O,20.0,25.74944,300
2018,MID_RANGE,TRUCK_VAN,5.0,8,O,21.4,22.53076,325
2018,MID_RANGE,MIDSIZE_FULLSIZE,2.5,4,X,11.3,48.2802,223
2018,MID_RANGE,MIDSIZE_FULLSIZE,2.0,4,X,5.5,80.467,131
2018,MID_RANGE,SEDAN_COMPACT,2.3,4,X,11.8,45.06152,236
2018,MID_RANGE,SEDAN_COMPACT,5.2,8,Z,17.2,30.57746,341
2018,HIGH_RANGE,MIDSIZE_FULLSIZE,5.0,8,Z,15.6,33.79614,312
2018,MID_RANGE,SUV_CROSSOVER,1.5,4,X,9.6,49.88954,210
2018,MID_RANGE,MIDSIZE_FULLSIZE,1.5,4,X,7.9,62.76426,168
2018,MID_RANGE,MIDSIZE_FULLSIZE,1.5,4,X,8.9,57.93624,185
2018,MID_RANGE,MIDSIZE_FULLSIZE,2.0,4,X,5.0,88.5137,118
2018,MID_RANGE,SEDAN_COMPACT,2.0,4,X,7.8,64.3736,163
2018,MID_RANGE,SEDAN_COMPACT,2.0,4,X,8.5,61.15492,173
2018,MID_RANGE,MIDSIZE_FULLSIZE,1.5,4,Z,8.0,62.76426,167
2018,MID_RANGE,MIDSIZE_FULLSIZE,1.5,4,X,7.4,69.20162,153
2018,MID_RANGE,SUV_CROSSOVER,1.5,4,X,8.4,57.93624,181
2018,MID_RANGE,MIDSIZE_FULLSIZE,2.0,4,X,9.3,56.3269,188
2018,MID_RANGE,MIDSIZE_FULLSIZE,1.6,4,X,9.2,54.71756,194
2018,MID_RANGE,SUV_CROSSOVER,2.0,4,X,9.2,53.10822,202
2018,MID_RANGE,SUV_CROSSOVER,2.4,4,X,11.1,45.06152,235
2018,MID_RANGE,SUV_CROSSOVER,3.0,6,O,11.2,45.06152,268
2018,MID_RANGE,SUV_CROSSOVER,2.4,4,X,11.5,43.45218,246
2018,MID_RANGE,SUV_CROSSOVER,2.0,4,X,11.9,40.2335,263
2018,HIGH_RANGE,SEDAN_COMPACT,5.2,10,Z,16.8,32.1868,336
2018,HIGH_RANGE,MIDSIZE_FULLSIZE,3.5,6,Z,12.5,41.84284,257
2018,HIGH_RANGE,MIDSIZE_FULLSIZE,3.4,6,Z,13.0,41.84284,259
2018,HIGH_RANGE,SUV_CROSSOVER,2.7,6,X,14.1,37.01482,284
2018,HIGH_RANGE,MIDSIZE_FULLSIZE,3.0,6,Z,14.9,35.40548,300
2018,MID_RANGE,SEDAN_COMPACT,2.0,4,X,8.2,59.54558,180
2018,MID_RANGE,SEDAN_COMPACT,2.0,4,X,8.8,54.71756,192
2018,MID_RANGE,MIDSIZE_FULLSIZE,2.0,4,X,8.4,61.15492,174
2018,MID_RANGE,MIDSIZE_FULLSIZE,2.5,4,X,10.0,51.49888,208
2018,HIGH_RANGE,SEDAN_COMPACT,4.0,8,Z,15.6,32.1868,324
2018,MID_RANGE,SEDAN_COMPACT,2.0,4,Z,9.8,51.49888,203
2018,MID_RANGE,SUV_CROSSOVER,1.5,4,X,9.4,51.49888,208
2018,MID_RANGE,SEDAN_COMPACT,1.2,3,X,6.4,75.63898,141
2018,MID_RANGE,SUV_CROSSOVER,3.0,6,Z,12.0,43.45218,248
2018,MID_RANGE,SUV_CROSSOVER,2.5,4,X,9.2,54.71756,192
2018,MID_RANGE,MIDSIZE_FULLSIZE,1.6,4,Z,9.1,54.71756,195
2018,HIGH_RANGE,SEDAN_COMPACT,3.0,6,Z,11.8,43.45218,249
2018,HIGH_RANGE,SEDAN_COMPACT,2.5,4,Z,11.8,43.45218,249
2018,HIGH_RANGE,SUV_CROSSOVER,3.6,6,Z,14.1,37.01482,286
2018,MID_RANGE,SEDAN_COMPACT,2.0,4,Z,9.7,53.10822,200
2018,MID_RANGE,SUV_CROSSOVER,2.5,4,X,10.9,46.67086,228
2018,MID_RANGE,SEDAN_COMPACT,2.0,4,Z,12.6,40.2335,256
2018,MID_RANGE,MIDSIZE_FULLSIZE,1.8,4,X,8.0,62.76426,168
2018,MID_RANGE,SUV_CROSSOVER,5.7,8,X,18.4,27.35878,384
2018,MID_RANGE,TRUCK_VAN,3.5,6,X,12.6,40.2335,268
2018,MID_RANGE,TRUCK_VAN,3.5,6,X,13.8,35.40548,300
2018,MID_RANGE,SEDAN_COMPACT,1.5,4,X,7.9,61.15492,173
2018,MID_RANGE,SEDAN_COMPACT,2.0,4,Z,11.1,46.67086,227
2018,MID_RANGE,SUV_CROSSOVER,2.0,4,X,10.6,46.67086,229
2018,MID_RANGE,WAGON_SPECIALTY,2.0,4,Z,11.8,43.45218,241
2018,MID_RANGE,SUV_CROSSOVER,2.0,4,Z,11.5,43.45218,240
2019,LOW_RANGE,SUV_CROSSOVER,3.5,6,Z,12.2,41.84284,258
2019,LOW_RANGE,SEDAN_COMPACT,2.4,4,Z,10.0,51.49888,205
2019,HIGH_RANGE,SUV_CROSSOVER,2.0,4,Z,10.8,46.67086,226
2019,HIGH_RANGE,SEDAN_COMPACT,2.0,4,Z,10.0,51.49888,204
2019,HIGH_RANGE,MIDSIZE_FULLSIZE,3.0,6,Z,12.5,41.84284,252
2019,HIGH_RANGE,SEDAN_COMPACT,2.0,4,Z,9.8,53.10822,198
2019,HIGH_RANGE,MIDSIZE_FULLSIZE,3.0,6,Z,11.9,43.45218,241
2019,HIGH_RANGE,SEDAN_COMPACT,3.0,6,Z,14.3,35.40548,294
2019,MID_RANGE,MIDSIZE_FULLSIZE,2.5,4,X,9.4,54.71756,192
2019,MID_RANGE,MIDSIZE_FULLSIZE,2.0,4,Z,11.0,46.67086,227
2019,MID_RANGE,SEDAN_COMPACT,2.0,4,Z,10.8,48.2802,220
2019,MID_RANGE,SEDAN_COMPACT,6.2,8,Z,18.2,28.96812,368
2019,MID_RANGE,MIDSIZE_FULLSIZE,1.6,4,O,7.8,69.20162,178
2019,MID_RANGE,MIDSIZE_FULLSIZE,1.5,4,X,8.2,61.15492,174
2019,MID_RANGE,TRUCK_VAN,5.3,8,X,15.9,32.1868,326
2019,MID_RANGE,SUV_CROSSOVER,5.3,8,O,22.2,24.1401,317
2019,MID_RANGE,SUV_CROSSOVER,1.4,4,X,9.1,54.71756,196
2019,MID_RANGE,MIDSIZE_FULLSIZE,5.7,8,X,14.7,37.01482,289
2019,MID_RANGE,TRUCK_VAN,3.6,6,O,19.4,27.35878,274
2019,MID_RANGE,SUV_CROSSOVER,2.4,4,X,12.7,40.2335,261
2019,MID_RANGE,TRUCK_VAN,5.0,8,X,16.8,30.57746,347
2019,MID_RANGE,SUV_CROSSOVER,3.5,6,X,14.7,35.40548,303
2019,MID_RANGE,MIDSIZE_FULLSIZE,1.5,4,X,10.0,51.49888,204
2019,MID_RANGE,MIDSIZE_FULLSIZE,2.0,4,X,5.5,80.467,131
2019,MID_RANGE,SEDAN_COMPACT,2.3,4,X,11.8,43.45218,244
2019,MID_RANGE,MIDSIZE_FULLSIZE,3.5,6,O,18.5,28.96812,267
2019,HIGH_RANGE,MIDSIZE_FULLSIZE,3.3,6,Z,13.7,38.62416,279
2019,MID_RANGE,TRUCK_VAN,4.3,6,X,15.1,33.79614,317
2019,MID_RANGE,MIDSIZE_FULLSIZE,2.0,4,X,10.4,49.88954,211
2019,MID_RANGE,MIDSIZE_FULLSIZE,2.0,4,X,9.3,56.3269,186
2019,MID_RANGE,WAGON_SPECIALTY,1.8,4,X,8.8,54.71756,193
2019,MID_RANGE,SUV_CROSSOVER,3.5,6,X,13.0,40.2335,266
2019,MID_RANGE,MIDSIZE_FULLSIZE,1.6,4,X,8.9,56.3269,189
2019,MID_RANGE,MIDSIZE_FULLSIZE,1.6,4,X,4.2,111.04446,96
2019,MID_RANGE,SUV_CROSSOVER,3.3,6,X,13.2,40.2335,268
2019,MID_RANGE,SUV_CROSSOVER,2.0,4,X,10.0,49.88954,216
2019,MID_RANGE,SEDAN_COMPACT,2.0,4,X,9.1,54.71756,193
2019,HIGH_RANGE,MIDSIZE_FULLSIZE,3.7,6,Z,13.2,38.62416,275
2019,HIGH_RANGE,SEDAN_COMPACT,3.0,6,Z,13.0,40.2335,265
2019,MID_RANGE,SUV_CROSSOVER,2.4,4,X,11.2,46.67086,230
2019,HIGH_RANGE,SEDAN_COMPACT,2.0,4,Z,11.0,48.2802,220
2019,HIGH_RANGE,SUV_CROSSOVER,5.7,8,Z,18.2,28.96812,371
2019,HIGH_RANGE,MIDSIZE_FULLSIZE,2.7,6,X,14.0,38.62416,281
2019,MID_RANGE,SEDAN_COMPACT,2.0,4,X,8.8,56.3269,186
2019,MID_RANGE,MIDSIZE_FULLSIZE,2.0,4,X,8.7,57.93624,181
2019,HIGH_RANGE,WAGON_SPECIALTY,2.0,4,Z,9.9,53.10822,201
2019,HIGH_RANGE,SEDAN_COMPACT,3.0,6,Z,12.7,40.2335,263
2019,HIGH_RANGE,WAGON_SPECIALTY,3.0,6,Z,11.5,45.06152,239
2019,HIGH_RANGE,SUV_CROSSOVER,4.7,8,Z,17.2,30.57746,357
2019,HIGH_RANGE,SEDAN_COMPACT,4.0,8,Z,15.6,33.79614,324
2019,HIGH_RANGE,WAGON_SPECIALTY,2.0,4,Z,10.3,49.88954,215
2019,HIGH_RANGE,MIDSIZE_FULLSIZE,3.0,6,Z,11.8,43.45218,244
2019,HIGH_RANGE,SUV_CROSSOVER,3.0,6,Z,13.5,37.01482,282
2019,MID_RANGE,MIDSIZE_FULLSIZE,2.0,4,Z,10.4,49.88954,214
2019,MID_RANGE,MIDSIZE_FULLSIZE,2.5,4,X,8.5,61.15492,177
2019,MID_RANGE,MIDSIZE_FULLSIZE,2.5,4,X,9.1,57.93624,186
2019,MID_RANGE,WAGON_SPECIALTY,2.0,4,X,9.8,48.2802,218
2019,MID_RANGE,TRUCK_VAN,5.6,8,X,15.2,33.79614,315
2019,HIGH_RANGE,SEDAN_COMPACT,3.0,6,Z,11.5,43.45218,243
2019,HIGH_RANGE,SEDAN_COMPACT,3.0,6,Z,12.7,41.84284,258
2019,HIGH_RANGE,SEDAN_COMPACT,3.0,6,Z,12.1,43.45218,243
2019,HIGH_RANGE,SEDAN_COMPACT,3.0,6,Z,12.8,41.84284,257
2019,HIGH_RANGE,SEDAN_COMPACT,3.0,6,Z,11.1,46.67086,232
2019,HIGH_RANGE,SEDAN_COMPACT,4.0,6,Z,16.1,32.1868,335
2019,HIGH_RANGE,SEDAN_COMPACT,3.0,6,Z,13.2,40.2335,266
2019,HIGH_RANGE,SEDAN_COMPACT,3.8,6,Z,12.7,40.2335,267
2019,MID_RANGE,SEDAN_COMPACT,2.0,4,Z,11.2,46.67086,231
2019,MID_RANGE,SUV_CROSSOVER,4.0,6,X,14.3,33.79614,308
2019,MID_RANGE,MIDSIZE_FULLSIZE,2.5,4,X,5.3,88.5137,121
2019,MID_RANGE,MIDSIZE_FULLSIZE,1.8,4,X,8.3,61.15492,174
2019,MID_RANGE,MIDSIZE_FULLSIZE,1.8,4,X,8.5,59.54558,178
2019,MID_RANGE,SUV_CROSSOVER,3.5,6,X,12.0,43.45218,248
2019,MID_RANGE,MIDSIZE_FULLSIZE,1.8,4,X,4.5,96.5604,109
2019,MID_RANGE,SUV_CROSSOVER,2.5,4,X,8.8,57.93624,183
2019,MID_RANGE,SUV_CROSSOVER,2.0,4,X,11.6,43.45218,245
2019,MID_RANGE,SEDAN_COMPACT,1.4,4,X,7.9,64.3736,163
2019,MID_RANGE,SUV_CROSSOVER,2.0,4,Z,12.1,41.84284,250
2020,HIGH_RANGE,SUV_CROSSOVER,2.9,6,Z,13.9,37.01482,288
2020,HIGH_RANGE,SEDAN_COMPACT,4.0,8,Z,13.0,40.2335,271
2020,HIGH_RANGE,MIDSIZE_FULLSIZE,3.0,6,Z,10.9,46.67086,227
2020,HIGH_RANGE,SEDAN_COMPACT,2.0,4,Z,10.2,51.49888,205
2020,HIGH_RANGE,SEDAN_COMPACT,3.0,6,Z,11.4,46.67086,231
2020,HIGH_RANGE,MIDSIZE_FULLSIZE,3.0,6,Z,10.7,48.2802,222
2020,HIGH_RANGE,SEDAN_COMPACT,2.0,4,Z,10.4,49.88954,213
2020,MID_RANGE,TRUCK_VAN,2.8,4,O,11.8,45.06152,270
2020,MID_RANGE,TRUCK_VAN,3.6,6,X,14.0,37.01482,286
2020,MID_RANGE,TRUCK_VAN,4.3,6,X,15.1,33.79614,318
2020,MID_RANGE,SUV_CROSSOVER,5.7,8,X,16.7,32.1868,331
2020,MID_RANGE,SUV_CROSSOVER,1.0,3,X,8.6,54.71756,197
2020,MID_RANGE,SUV_CROSSOVER,2.7,6,X,12.5,41.84284,258
2020,MID_RANGE,SUV_CROSSOVER,2.5,4,X,5.4,78.85766,136
2020,MID_RANGE,SUV_CROSSOVER,3.5,6,X,14.1,37.01482,294
2020,MID_RANGE,TRUCK_VAN,2.7,6,X,12.0,43.45218,249
2020,MID_RANGE,TRUCK_VAN,5.0,8,X,14.3,35.40548,297
2020,MID_RANGE,TRUCK_VAN,5.0,8,O,20.3,25.74944,296
2020,MID_RANGE,SEDAN_COMPACT,3.5,6,Z,19.8,27.35878,393
2020,MID_RANGE,SEDAN_COMPACT,5.2,8,Z,17.1,30.57746,342
2020,MID_RANGE,TRUCK_VAN,3.5,6,X,16.7,30.57746,352
2020,MID_RANGE,SEDAN_COMPACT,2.0,4,X,8.3,61.15492,176
2020,MID_RANGE,SUV_CROSSOVER,3.5,6,X,12.4,41.84284,257
2020,MID_RANGE,SEDAN_COMPACT,1.6,4,X,7.8,64.3736,168
2020,MID_RANGE,MIDSIZE_FULLSIZE,2.0,4,X,9.8,51.49888,207
2020,HIGH_RANGE,SUV_CROSSOVER,3.5,6,Z,12.5,41.84284,257
2020,MID_RANGE,SUV_CROSSOVER,2.4,4,X,10.6,48.2802,218
2020,MID_RANGE,SUV_CROSSOVER,2.4,4,X,10.4,49.88954,211
2020,MID_RANGE,MIDSIZE_FULLSIZE,3.3,6,Z,13.6,38.62416,279
2020,HIGH_RANGE,SUV_CROSSOVER,3.0,6,Z,12.6,40.2335,264
2020,HIGH_RANGE,SUV_CROSSOVER,3.0,6,Z,13.0,38.62416,273
2020,HIGH_RANGE,MIDSIZE_FULLSIZE,3.5,6,Z,10.3,49.88954,214
2020,HIGH_RANGE,SUV_CROSSOVER,3.0,6,X,13.7,38.62416,280
2020,HIGH_RANGE,MIDSIZE_FULLSIZE,3.0,6,Z,14.7,35.40548,295
2020,MID_RANGE,SUV_CROSSOVER,2.5,4,X,9.7,51.49888,206
2020,MID_RANGE,SEDAN_COMPACT,2.5,4,X,8.8,57.93624,183
2020,MID_RANGE,MIDSIZE_FULLSIZE,2.0,4,X,8.6,59.54558,181
2020,HIGH_RANGE,WAGON_SPECIALTY,2.0,4,Z,9.4,54.71756,195
2020,HIGH_RANGE,WAGON_SPECIALTY,3.0,6,Z,12.4,41.84284,255
2020,HIGH_RANGE,SEDAN_COMPACT,2.0,4,Z,11.0,48.2802,219
2020,HIGH_RANGE,WAGON_SPECIALTY,2.0,4,Z,11.1,43.45218,247
2020,HIGH_RANGE,WAGON_SPECIALTY,2.0,4,Z,11.1,43.45218,246
2020,HIGH_RANGE,SEDAN_COMPACT,4.0,8,Z,13.8,40.2335,270
2020,MID_RANGE,WAGON_SPECIALTY,2.0,4,X,9.8,48.2802,218
2020,MID_RANGE,WAGON_SPECIALTY,2.0,4,X,10.1,49.88954,217
2020,MID_RANGE,WAGON_SPECIALTY,2.0,4,X,9.0,54.71756,198
2020,MID_RANGE,TRUCK_VAN,5.6,8,Z,15.1,33.79614,313
2020,MID_RANGE,SEDAN_COMPACT,1.6,4,X,8.6,59.54558,181
2020,HIGH_RANGE,SEDAN_COMPACT,2.5,4,Z,12.2,41.84284,255
2020,HIGH_RANGE,SEDAN_COMPACT,4.0,6,Z,14.3,37.01482,294
2020,HIGH_RANGE,MIDSIZE_FULLSIZE,3.0,6,Z,12.4,41.84284,253
2020,MID_RANGE,SEDAN_COMPACT,2.0,4,Z,12.9,40.2335,263
2020,MID_RANGE,SEDAN_COMPACT,2.0,4,X,7.6,67.59228,158
2020,MID_RANGE,SUV_CROSSOVER,2.5,4,X,9.2,54.71756,194
2020,MID_RANGE,TRUCK_VAN,3.5,6,X,13.8,35.40548,299
2020,MID_RANGE,TRUCK_VAN,5.7,8,X,17.7,28.96812,371
2020,MID_RANGE,MIDSIZE_FULLSIZE,2.0,4,X,10.2,51.49888,205
2021,LOW_RANGE,SEDAN_COMPACT,2.4,4,Z,9.9,53.10822,199
2021,LOW_RANGE,SEDAN_COMPACT,2.0,4,Z,11.2,46.67086,230
2021,HIGH_RANGE,SUV_CROSSOVER,2.9,6,Z,13.9,37.01482,288
2021,HIGH_RANGE,MIDSIZE_FULLSIZE,2.9,6,Z,13.1,40.2335,266
2021,HIGH_RANGE,MIDSIZE_FULLSIZE,2.9,6,Z,12.9,41.84284,255
2021,HIGH_RANGE,SEDAN_COMPACT,2.0,4,Z,11.2,46.67086,225
2021,MID_RANGE,SUV_CROSSOVER,3.6,6,X,13.0,40.2335,264
2021,MID_RANGE,SUV_CROSSOVER,3.6,6,X,13.6,38.62416,277
2021,MID_RANGE,SEDAN_COMPACT,6.2,8,Z,17.2,30.57746,349
2021,MID_RANGE,TRUCK_VAN,2.5,4,X,12.7,40.2335,268
2021,MID_RANGE,TRUCK_VAN,4.3,6,X,15.1,33.79614,318
2021,MID_RANGE,TRUCK_VAN,5.3,8,X,13.9,37.01482,286
2021,MID_RANGE,TRUCK_VAN,5.3,8,X,17.3,30.57746,348
2021,MID_RANGE,TRUCK_VAN,6.2,8,Z,16.8,30.57746,352
2021,MID_RANGE,SUV_CROSSOVER,5.3,8,X,15.5,32.1868,327
2021,MID_RANGE,MIDSIZE_FULLSIZE,6.2,8,Z,18.1,30.57746,352
2021,MID_RANGE,MIDSIZE_FULLSIZE,6.2,8,Z,19.0,28.96812,368
2021,MID_RANGE,SUV_CROSSOVER,2.3,4,X,11.6,40.2335,265
2021,MID_RANGE,SUV_CROSSOVER,2.7,6,X,12.8,37.01482,287
2021,MID_RANGE,SUV_CROSSOVER,2.0,4,X,10.2,49.88954,217
2021,MID_RANGE,TRUCK_VAN,5.0,8,X,14.0,37.01482,287
2021,MID_RANGE,SEDAN_COMPACT,2.3,4,X,11.9,43.45218,246
2021,MID_RANGE,TRUCK_VAN,5.3,8,X,15.2,33.79614,312
2021,MID_RANGE,TRUCK_VAN,3.5,6,X,12.8,40.2335,271
2021,HIGH_RANGE,SEDAN_COMPACT,3.0,6,Z,13.0,40.2335,265
2021,MID_RANGE,SEDAN_COMPACT,1.6,4,X,7.7,64.3736,166
2021,HIGH_RANGE,MIDSIZE_FULLSIZE,2.5,4,X,9.5,54.71756,197
2021,HIGH_RANGE,MIDSIZE_FULLSIZE,3.5,6,Z,10.1,49.88954,213
2021,HIGH_RANGE,SUV_CROSSOVER,5.7,8,Z,19.2,27.35878,395
2021,HIGH_RANGE,SUV_CROSSOVER,2.0,4,Z,10.7,46.67086,226
2021,HIGH_RANGE,SUV_CROSSOVER,3.0,6,X,13.7,38.62416,280
2021,MID_RANGE,SEDAN_COMPACT,2.0,4,X,8.8,56.3269,186
2021,MID_RANGE,SUV_CROSSOVER,2.5,4,X,9.8,49.88954,209
2021,MID_RANGE,MIDSIZE_FULLSIZE,2.0,4,X,8.6,59.54558,181
2021,MID_RANGE,SEDAN_COMPACT,2.0,4,Z,9.0,57.93624,186
2021,HIGH_RANGE,SEDAN_COMPACT,4.0,8,Z,13.9,38.62416,281
2021,HIGH_RANGE,SEDAN_COMPACT,3.0,6,Z,11.2,45.06152,235
2021,HIGH_RANGE,SUV_CROSSOVER,4.0,8,Z,18.6,25.74944,396
2021,HIGH_RANGE,SEDAN_COMPACT,3.0,6,Z,11.9,41.84284,255
2021,HIGH_RANGE,SEDAN_COMPACT,4.0,8,Z,16.4,32.1868,339
2021,HIGH_RANGE,SEDAN_COMPACT,2.0,4,Z,10.1,51.49888,204
2021,HIGH_RANGE,SEDAN_COMPACT,2.0,4,Z,10.2,49.88954,210
2021,HIGH_RANGE,SUV_CROSSOVER,3.0,6,Z,11.4,43.45218,244
2021,HIGH_RANGE,SUV_CROSSOVER,4.0,8,Z,14.5,35.40548,305
2021,HIGH_RANGE,SEDAN_COMPACT,4.0,8,Z,14.5,38.62416,282
2021,MID_RANGE,SEDAN_COMPACT,2.0,4,Z,8.9,57.93624,184
2021,MID_RANGE,MIDSIZE_FULLSIZE,3.5,6,Z,11.6,46.67086,233
2021,MID_RANGE,WAGON_SPECIALTY,3.5,6,X,11.7,45.06152,240
2021,MID_RANGE,WAGON_SPECIALTY,2.0,4,X,9.9,49.88954,212
2021,HIGH_RANGE,SEDAN_COMPACT,4.0,6,Z,12.3,40.2335,260
2021,HIGH_RANGE,SEDAN_COMPACT,4.0,6,Z,14.0,37.01482,284
2021,HIGH_RANGE,SEDAN_COMPACT,3.0,6,Z,12.8,38.62416,273
2021,HIGH_RANGE,SEDAN_COMPACT,3.0,6,Z,13.8,38.62416,281
2021,HIGH_RANGE,SEDAN_COMPACT,3.7,6,Z,15.3,33.79614,321
2021,HIGH_RANGE,SUV_CROSSOVER,3.0,6,Z,12.7,38.62416,271
2021,MID_RANGE,TRUCK_VAN,5.7,8,X,14.1,37.01482,290
2021,MID_RANGE,TRUCK_VAN,5.7,8,X,15.7,33.79614,319
2021,MID_RANGE,SEDAN_COMPACT,2.0,4,Z,11.7,43.45218,243
2021,MID_RANGE,MIDSIZE_FULLSIZE,2.5,4,X,5.3,88.5137,121
2021,MID_RANGE,SEDAN_COMPACT,1.8,4,X,7.9,64.3736,165
2021,MID_RANGE,SEDAN_COMPACT,2.0,4,X,8.2,61.15492,173
2021,MID_RANGE,SEDAN_COMPACT,1.8,4,X,4.4,101.38842,106
2021,MID_RANGE,MIDSIZE_FULLSIZE,1.8,4,X,4.4,101.38842,106
2021,MID_RANGE,MIDSIZE_FULLSIZE,1.8,4,X,4.6,94.95106,111
2021,MID_RANGE,SUV_CROSSOVER,5.7,8,X,18.5,27.35878,384
2021,MID_RANGE,SUV_CROSSOVER,3.6,6,X,14.6,35.40548,301
2021,MID_RANGE,SEDAN_COMPACT,2.0,4,X,10.1,49.88954,213
2021,MID_RANGE,SEDAN_COMPACT,1.4,4,X,7.9,65.98294,162
2021,MID_RANGE,WAGON_SPECIALTY,2.0,4,Z,11.3,46.67086,224
2021,MID_RANGE,SUV_CROSSOVER,2.0,4,X,10.7,48.2802,217
2021,MID_RANGE,SUV_CROSSOVER,2.0,4,Z,11.7,43.45218,240
2022,HIGH_RANGE,WAGON_SPECIALTY,3.0,6,Z,11.5,45.06152,234
2022,HIGH_RANGE,MIDSIZE_FULLSIZE,4.0,8,Z,15.5,33.79614,323
2022,HIGH_RANGE,SEDAN_COMPACT,3.0,6,Z,10.4,49.88954,214
2022,HIGH_RANGE,SUV_CROSSOVER,3.0,6,Z,15.7,32.1868,323
2022,HIGH_RANGE,SUV_CROSSOVER,3.0,6,Z,11.3,43.45218,241
2022,HIGH_RANGE,MIDSIZE_FULLSIZE,2.0,4,Z,10.3,51.49888,207
2022,MID_RANGE,SEDAN_COMPACT,3.6,6,X,12.8,41.84284,251
2022,MID_RANGE,SEDAN_COMPACT,6.2,8,Z,15.1,35.40548,297
2022,MID_RANGE,TRUCK_VAN,5.3,8,X,15.1,33.79614,314
2022,MID_RANGE,TRUCK_VAN,3.0,6,O,10.9,45.06152,272
2022,MID_RANGE,TRUCK_VAN,5.3,8,X,15.6,32.1868,327
2022,MID_RANGE,TRUCK_VAN,5.3,8,X,16.9,28.96812,359
2022,MID_RANGE,SEDAN_COMPACT,1.4,4,X,7.7,64.3736,165
2022,MID_RANGE,SUV_CROSSOVER,3.0,6,O,11.2,45.06152,272
2022,MID_RANGE,SUV_CROSSOVER,5.3,8,X,15.8,32.1868,327
2022,MID_RANGE,SUV_CROSSOVER,6.2,8,Z,17.0,30.57746,353
2022,MID_RANGE,MIDSIZE_FULLSIZE,6.2,8,Z,17.6,30.57746,339
2022,MID_RANGE,MIDSIZE_FULLSIZE,6.2,8,Z,19.0,28.96812,368
2022,MID_RANGE,SUV_CROSSOVER,6.4,8,Z,18.3,28.96812,363
2022,MID_RANGE,SUV_CROSSOVER,2.3,4,X,12.0,41.84284,252
2022,MID_RANGE,SEDAN_COMPACT,5.0,8,X,15.2,35.40548,298
2022,MID_RANGE,WAGON_SPECIALTY,2.5,4,X,12.1,43.45218,249
2022,HIGH_RANGE,SEDAN_COMPACT,2.0,4,Z,11.4,45.06152,236
2022,HIGH_RANGE,SUV_CROSSOVER,2.5,4,Z,11.3,43.45218,248
2022,MID_RANGE,MIDSIZE_FULLSIZE,1.5,4,Z,8.7,59.54558,180
2022,MID_RANGE,SUV_CROSSOVER,3.5,6,X,12.5,40.2335,265
2022,MID_RANGE,MIDSIZE_FULLSIZE,2.0,4,X,7.6,67.59228,158
2022,MID_RANGE,SUV_CROSSOVER,2.5,4,X,9.1,54.71756,194
2022,MID_RANGE,SUV_CROSSOVER,2.5,4,X,9.9,49.88954,214
2022,MID_RANGE,SEDAN_COMPACT,2.0,4,Z,10.6,48.2802,226
2022,MID_RANGE,SUV_CROSSOVER,2.0,4,X,11.2,46.67086,229
2022,MID_RANGE,SUV_CROSSOVER,2.4,4,X,10.6,48.2802,218
2022,MID_RANGE,TRUCK_VAN,3.0,6,O,10.8,46.67086,263
2022,HIGH_RANGE,SUV_CROSSOVER,3.0,6,Z,12.7,40.2335,269
2022,HIGH_RANGE,MIDSIZE_FULLSIZE,3.5,6,X,10.7,49.88954,214
2022,HIGH_RANGE,SEDAN_COMPACT,3.5,6,Z,12.2,41.84284,253
2022,HIGH_RANGE,SEDAN_COMPACT,5.0,8,Z,15.1,35.40548,294
2022,MID_RANGE,SEDAN_COMPACT,2.0,4,X,8.3,59.54558,179
2022,MID_RANGE,SEDAN_COMPACT,2.0,4,X,8.7,59.54558,180
2022,MID_RANGE,SEDAN_COMPACT,2.0,4,Z,9.0,57.93624,186
2022,HIGH_RANGE,SUV_CROSSOVER,4.0,8,Z,16.4,30.57746,346
2022,HIGH_RANGE,SUV_CROSSOVER,2.0,4,Z,11.5,43.45218,242
2022,MID_RANGE,MIDSIZE_FULLSIZE,2.0,4,Z,10.4,49.88954,210
2022,MID_RANGE,SUV_CROSSOVER,1.5,3,X,8.4,59.54558,179
2022,MID_RANGE,SUV_CROSSOVER,1.5,3,X,8.4,59.54558,181
2022,HIGH_RANGE,SEDAN_COMPACT,4.0,6,Z,14.0,37.01482,284
2022,HIGH_RANGE,SEDAN_COMPACT,3.0,6,Z,12.8,40.2335,264
2022,HIGH_RANGE,SEDAN_COMPACT,3.0,6,Z,12.9,38.62416,273
2022,HIGH_RANGE,SEDAN_COMPACT,3.0,6,Z,14.7,35.40548,296
2022,HIGH_RANGE,SEDAN_COMPACT,3.0,6,Z,13.7,38.62416,278
2022,HIGH_RANGE,SUV_CROSSOVER,4.0,8,Z,15.2,32.1868,326
2022,HIGH_RANGE,SUV_CROSSOVER,2.0,4,Z,12.4,41.84284,263
2022,MID_RANGE,TRUCK_VAN,5.7,8,X,16.1,32.1868,325
2022,HIGH_RANGE,MIDSIZE_FULLSIZE,6.7,12,Z,20.0,27.35878,382
2022,MID_RANGE,WAGON_SPECIALTY,2.0,4,X,8.4,59.54558,178
2022,MID_RANGE,SUV_CROSSOVER,4.0,6,X,14.9,32.1868,323
2022,MID_RANGE,MIDSIZE_FULLSIZE,3.5,6,X,10.8,48.2802,220
2022,MID_RANGE,SUV_CROSSOVER,2.0,4,X,8.1,57.93624,182
2022,MID_RANGE,SEDAN_COMPACT,2.4,4,Z,11.9,43.45218,246
2022,MID_RANGE,SEDAN_COMPACT,2.0,4,Z,9.3,54.71756,195
2022,MID_RANGE,SUV_CROSSOVER,2.5,4,X,8.8,57.93624,184
2022,MID_RANGE,MIDSIZE_FULLSIZE,2.0,4,Z,11.8,45.06152,237
2022,MID_RANGE,SEDAN_COMPACT,2.0,4,X,9.0,57.93624,185
2022,MID_RANGE,WAGON_SPECIALTY,2.0,4,Z,11.3,46.67086,224
2022,MID_RANGE,SUV_CROSSOVER,2.0,4,Z,11.0,46.67086,232
